,Company,Category,Sub-Category,Acquired/IPO,Exit Year,Data Driven / Hardwired Video
0,Amazon QuickSight,Analytics,BI Platforms,,,
1,AtScale,Analytics,BI Platforms,,,
2,Bime Analytics,Analytics,BI Platforms,Acquired by Zendesk in October 2015,2015,
3,Birst,Analytics,BI Platforms,Acquired by Infor in April 2017,2017,
4,Domo,Analytics,BI Platforms,IPO in June 2018,2018,
5,GoodData,Analytics,BI Platforms,,,
6,Information Builders,Analytics,BI Platforms,,,
7,Jaspersoft,Analytics,BI Platforms,Acquired by Tibco in April 2014,2014,
8,Kyvos Insights,Analytics,BI Platforms,,,
9,Microstrategy,Analytics,BI Platforms,,,
10,Platfora,Analytics,BI Platforms,Acquired by Workday in July 2016,2016,Video
11,Qlik,Analytics,BI Platforms,Acquired by Thoma Bravo in August 2016,2016,Video
12,Salesforce Einstein Analytics,Analytics,BI Platforms,,,
13,Sisense,Analytics,BI Platforms,,,Video
14,ThoughtSpot,Analytics,BI Platforms,,,
15,20BN,Analytics,Computer Vision,,,
16,Aibee,Analytics,Computer Vision,,,
17,Amazon Rekognition,Analytics,Computer Vision,,,
18,Clarifai,Analytics,Computer Vision,,,Video
19,Cloudwalk,Analytics,Computer Vision,,,
20,DataGrid,Analytics,Computer Vision,,,
21,Deepomatic,Analytics,Computer Vision,,,
22,Ever AI,Analytics,Computer Vision,,,
23,Face++,Analytics,Computer Vision,,,
24,Google Cloud Vision,Analytics,Computer Vision,,,
25,Microsoft Azure,Analytics,Computer Vision,,,
26,Neurala,Analytics,Computer Vision,,,
27,Onfido,Analytics,Computer Vision,,,
28,Scape,Analytics,Computer Vision,,,
29,SenseTime,Analytics,Computer Vision,,,
30,Synthesia,Analytics,Computer Vision,,,
31,Trax,Analytics,Computer Vision,,,
32,Ubiquity6,Analytics,Computer Vision,,,
33,YITU Technology,Analytics,Computer Vision,,,
34,Alteryx,Analytics,Data Analyst Platforms,,,
35,Anodot,Analytics,Data Analyst Platforms,,,
36,Arimo,Analytics,Data Analyst Platforms,Acquired by Panasonic in October 2017,2017,Video
37,Ascend.io,Analytics,Data Analyst Platforms,,,
38,Attivio,Analytics,Data Analyst Platforms,,,
39,Automated Insights,Analytics,Data Analyst Platforms,Acquired by Vista Equity Partners/STATS in February 2015,2015,Video
40,Ayasdi,Analytics,Data Analyst Platforms,,,Video
41,Blockspring,Analytics,Data Analyst Platforms,Acquired by Coinbase in January 2019,2019,
42,Bottlenose,Analytics,Data Analyst Platforms,,,
43,Cirro,Analytics,Data Analyst Platforms,,,
44,ClearStory Data,Analytics,Data Analyst Platforms,Acquired by Alteryx in April 2019,2019,Video
45,Connotate,Analytics,Data Analyst Platforms,Acquired by import.io in February 2019,2019,
46,Datameer,Analytics,Data Analyst Platforms,,,Video
47,Dataspora,Analytics,Data Analyst Platforms,Acquired by Via Science in 2011,2011,
48,Digital Reasoning,Analytics,Data Analyst Platforms,,,
49,Endor,Analytics,Data Analyst Platforms,,,Video
50,Glassbeam,Analytics,Data Analyst Platforms,,,
51,Guavus,Analytics,Data Analyst Platforms,Acquired by Thales in April 2017,2017,
52,Incorta,Analytics,Data Analyst Platforms,,,
53,Interana,Analytics,Data Analyst Platforms,,,Video
54,Karmasphere,Analytics,Data Analyst Platforms,Acquired by FICO in April 2014,2014,
55,Kimono Labs,Analytics,Data Analyst Platforms,Acquired by Palantir in February 2016,2016,
56,Lavastorm,Analytics,Data Analyst Platforms,Acquired by Infogix in March 2018,2018,
57,Luminoso,Analytics,Data Analyst Platforms,,,
58,Microsoft Analytics Platform,Analytics,Data Analyst Platforms,,,
59,Mode Analytics,Analytics,Data Analyst Platforms,,,#REF!
60,Narrator,Analytics,Data Analyst Platforms,,,
61,Origami Logic,Analytics,Data Analyst Platforms,Acquired by Intuit in May 2019,2019,
62,Outlier.ai,Analytics,Data Analyst Platforms,,,
63,Pentaho,Analytics,Data Analyst Platforms,Acquired by Hitachi in February 2015,2015,
64,Pervasive,Analytics,Data Analyst Platforms,Acquired by Actian in January 2013,2013,
65,Precog,Analytics,Data Analyst Platforms,Acquired by RichRelevance in August 2013,2013,Video
66,Quantcell Research,Analytics,Data Analyst Platforms,,,
67,Semantria,Analytics,Data Analyst Platforms,Acquired by Lexalytics in July 2014,2014,
68,Sisu Data,Analytics,Data Analyst Platforms,,,
69,Sisu Data,Analytics,Data Analyst Platforms,,,
70,Starburst,Analytics,Data Analyst Platforms,,,
71,Statwing,Analytics,Data Analyst Platforms,Acquired by Qualtrics in May 2016,2016,
72,Switchboard,Analytics,Data Analyst Platforms,,,
73,TempoIQ,Analytics,Data Analyst Platforms,Acquired by Avant in August 2016,2016,
74,Treparel,Analytics,Data Analyst Platforms,Acquired by Evalueserve in May 2015,2015,
75,Amazon Sagemaker Studio,Analytics,Data Science Notebooks,,,
76,Azure Notebooks,Analytics,Data Science Notebooks,,,
77,Binder,Analytics,Data Science Notebooks,,,
78,CoCalc,Analytics,Data Science Notebooks,,,
79,Colab,Analytics,Data Science Notebooks,,,
80,Count,Analytics,Data Science Notebooks,,,
81,Deepnote,Analytics,Data Science Notebooks,,,
82,Google DataLab,Analytics,Data Science Notebooks,,,
83,Jupyter,Analytics,Data Science Notebooks,,,
84,Nextjounal,Analytics,Data Science Notebooks,,,
85,Saturn Cloud,Analytics,Data Science Notebooks,,,
86,Alpine Data Labs,Analytics,Data Science Platforms,Acquired by TIBCO in November 2017,2017,
87,Anaconda (fka Continuum Analytics),Analytics,Data Science Platforms,,,Video
88,Angoss,Analytics,Data Science Platforms,Acquired by Datawatch in January 2018,2018,
89,Civis Analytics,Analytics,Data Science Platforms,,,
90,Databricks,Analytics,Data Science Platforms,,,
91,Dataiku,Analytics,Data Science Platforms,,,Video
92,Datawatch,Analytics,Data Science Platforms,Acquired by Altair in November 2018,2018,
93,Domino Data Lab,Analytics,Data Science Platforms,,,Video
94,IBM,Analytics,Data Science Platforms,,,
95,Indico,Analytics,Data Science Platforms,,,
96,Knime,Analytics,Data Science Platforms,,,
97,Mathworks,Analytics,Data Science Platforms,,,
98,Mortar,Analytics,Data Science Platforms,Acquired by Datadog in February 2015,2015,Video
99,Prevision,Analytics,Data Science Platforms,,,
100,RapidMiner,Analytics,Data Science Platforms,,,
101,Rubikloud,Analytics,Data Science Platforms,,,
102,SAS,Analytics,Data Science Platforms,,,
103,Sense,Analytics,Data Science Platforms,Acquired by Cloudera in March 2016,2016,Video
104,TIBCO,Analytics,Data Science Platforms,,,
105,Yhat,Analytics,Data Science Platforms,Acquired by Alteryx in June 2017,2017,
106,4Paradigm,Analytics,Horizontal AI,,,
107,Affectiva,Analytics,Horizontal AI,,,
108,Blue Vision Labs,Analytics,Horizontal AI,,,
109,CognitiveScale,Analytics,Horizontal AI,,,
110,Cortana Analytics,Analytics,Horizontal AI,,,
111,Deepmind,Analytics,Horizontal AI,Acquired by Google in January 2014,2014,
112,Dextro,Analytics,Horizontal AI,Acquired by Taser in February 2017,2017,Video
113,DT Dream,Analytics,Horizontal AI,,,
114,Geometric Intelligence,Analytics,Horizontal AI,Acquired by Uber in December 2016,2016,Video
115,IBM Watson,Analytics,Horizontal AI,,,Video
116,MetaMind,Analytics,Horizontal AI,Acquired by Salesforce in April 2016,2016,Video
117,Nara Logics,Analytics,Horizontal AI,,,
118,Neural Magic,Analytics,Horizontal AI,,,
119,Numenta,Analytics,Horizontal AI,,,
120,Osaro,Analytics,Horizontal AI,,,
121,Peltarion,Analytics,Horizontal AI,,,
122,Petuum,Analytics,Horizontal AI,,,
123,Prophesee (fka Chronocam),Analytics,Horizontal AI,,,
124,Scaled Inference,Analytics,Horizontal AI,,,
125,Sentient Technologies,Analytics,Horizontal AI,,,
126,SkyMind,Analytics,Horizontal AI,,,
127,The Curious AI Company,Analytics,Horizontal AI,,,
128,Vicarious,Analytics,Horizontal AI,,,
129,Viv Labs,Analytics,Horizontal AI,Acquired by Samsung in October 2016,2016,
130,Voyager Labs,Analytics,Horizontal AI,,,
131,Kibana,Analytics,Log Analytics,,,
132,LogDNA,Analytics,Log Analytics,,,
133,Loggly,Analytics,Log Analytics,Acquired by SolarWinds in January 2018,2018,
134,LogicMonitor,Analytics,Log Analytics,Acquired by Vista Equity Partners in April 2018,2018,
135,Logz.io,Analytics,Log Analytics,,,
136,Splunk,Analytics,Log Analytics,,,Video
137,Sumo Logic,Analytics,Log Analytics,,,Video
138,Timber,Analytics,Log Analytics,,,Video
139,AlchemyAPI,Analytics,Machine Learning,Acquired by IBM in March 2015,2015,
140,Amazon Sagemaker,Analytics,Machine Learning,,,
141,Azure ML Studio,Analytics,Machine Learning,,,
142,BigML,Analytics,Machine Learning,,,
143,Bonsai,Analytics,Machine Learning,Acquired by Microsoft in June 2018,2018,
144,Cloud AutoML,Analytics,Machine Learning,,,
145,DataRobot,Analytics,Machine Learning,,,Video
146,DataRPM,Analytics,Machine Learning,Acquired by Progress in May 2017,2017,
147,deepsense.ai (fka deepsense.io),Analytics,Machine Learning,,,
148,Element AI,Analytics,Machine Learning,,,Video
149,Gamalon,Analytics,Machine Learning,,,Video
150,H2O,Analytics,Machine Learning,,,Video
151,H2O.ai,Analytics,Machine Learning,,,
152,Nutonian,Analytics,Machine Learning,Acquired by DataRobot in May 2017,2017,
153,OctoML,Analytics,Machine Learning,,,
154,Prediction.io,Analytics,Machine Learning,Acquired by Salesforce in February 2016,2016,
155,Skytree,Analytics,Machine Learning,Acquired by Infosys in April 2017,2017,
156,Spell,Analytics,Machine Learning,,,Video
157,Turi,Analytics,Machine Learning,Acquired by Apple in August 2016,2016,Video
158,Versive (fka Context Relevant),Analytics,Machine Learning,Acquired by eSentire in October 2018,2018,Video
159,ViSenze,Analytics,Machine Learning,,,
160,Yottamine,Analytics,Machine Learning,,,
161,Imply,Analytics,NewSQL Databases,,,
162,Imply,Analytics,NewSQL Databases,,,
163,Algolia,Analytics,Search,,,Video
164,AlphaSense,Analytics,Search,,,
165,Amazon CloudSearch,Analytics,Search,,,
166,Attivio,Analytics,Search,,,
167,Autonomy,Analytics,Search,Acquired by HPE in October 2011,2011,
168,AWS Kendra,Analytics,Search,,,
169,Coveo,Analytics,Search,,,
170,Dassault Exalead,Analytics,Search,,,
171,Elastic,Analytics,Search,,,
172,LucidWorks,Analytics,Search,,,
173,Maana,Analytics,Search,,,
174,omni:us (fka Searchink),Analytics,Search,,,
175,Oracle Endeca,Analytics,Search,,,
176,Sinequa,Analytics,Search,,,
177,Swiftype,Analytics,Search,,,
178,Bitly,Analytics,Social Analytics,,,Video
179,Bluefin labs,Analytics,Social Analytics,Acquired by Twitter in February 2013,2013,
180,DataSift,Analytics,Social Analytics,Acquired by Meltwater Group in March 2018,,
181,Gnip,Analytics,Social Analytics,Acquired by Twitter in August 2014,2014,Video
182,Hootsuite,Analytics,Social Analytics,,,
183,Lithium,Analytics,Social Analytics,,,
184,Netbase,Analytics,Social Analytics,,,
185,Salesforce Radian6,Analytics,Social Analytics,,,
186,SimilarWeb,Analytics,Social Analytics,,,
187,SimpleReach,Analytics,Social Analytics,Acquired by Nativo in March 2019,2019,Video
188,Simply Measured,Analytics,Social Analytics,Acquired by Sprout Social in December 2017,2017,
189,Spredfast,Analytics,Social Analytics,,,
190,Sprinklr,Analytics,Social Analytics,,,
191,Statilizer,Analytics,Social Analytics,,,
192,Synthesio,Analytics,Social Analytics,Acquired by Ipsos in October 2018,2018,
193,Tracx,Analytics,Social Analytics,,,
194,Amazon Alexa,Analytics,Speech & NLP,,,
195,Amazon Comprehend,Analytics,Speech & NLP,,,
196,Amazon Polly,Analytics,Speech & NLP,,,
197,Amazon Translate,Analytics,Speech & NLP,,,
198,Amazon Translate,Analytics,Speech & NLP,,,
199,Amenity Analytics,Analytics,Speech & NLP,,,
200,Api.ai,Analytics,Speech & NLP,Acquired by Google in September 2016,2016,
201,Arria,Analytics,Speech & NLP,,,
202,Azure Cognitive Services,Analytics,Speech & NLP,,,
203,Cogito,Analytics,Speech & NLP,,,
204,Cortical.io,Analytics,Speech & NLP,,,
205,Eigen,Analytics,Speech & NLP,,,
206,Google Cloud Platform,Analytics,Speech & NLP,,,
207,Gridspace,Analytics,Speech & NLP,,,Video
208,Hugging Face,Analytics,Speech & NLP,,,
209,Idibon,Analytics,Speech & NLP,Closed - IP & assets sold,2016,
210,Maluuba,Analytics,Speech & NLP,Acquired by Microsoft in Jan 2017,2017,
211,MindMeld,Analytics,Speech & NLP,Acquired by Cisco in May 2017,2017,
212,Mobvoi,Analytics,Speech & NLP,,,
213,Narrative Science,Analytics,Speech & NLP,,,Video
214,Nuance,Analytics,Speech & NLP,,,
215,Papercup,Analytics,Speech & NLP,,,
216,PolyAI,Analytics,Speech & NLP,,,
217,Primer,Analytics,Speech & NLP,,,Video
218,Rasa,Analytics,Speech & NLP,,,
219,Semantic Machines,Analytics,Speech & NLP,,,
220,Smartling,Analytics,Speech & NLP,,,
221,SoundHound,Analytics,Speech & NLP,,,
222,TalkIQ,Analytics,Speech & NLP,Acquired by Dialpad in May 2018,2018,
223,Twilio,Analytics,Speech & NLP,IPO in June 2016,2016,Video
224,Unbabel,Analytics,Speech & NLP,,,
225,Voicera,Analytics,Speech & NLP,,,Video
226,Wolfram Alpha,Analytics,Speech & NLP,,,
227,Yseop,Analytics,Speech & NLP,Acquired by NextStage in June 2018,2018,Video
228,IBM SPSS,Analytics,Statistical Computing,,,
229,MatLab,Analytics,Statistical Computing,,,
230,Prior Knowledge,Analytics,Statistical Computing,Acquired by Salesforce in November 2012,2012,
231,Revolution Analytics,Analytics,Statistical Computing,Acquired by Microsoft in January 2015,2015,
232,SAS,Analytics,Statistical Computing,,,
233,Actuate,Analytics,Visualization,Acquired by OpenText in December 2014,2014,
234,Captain Dash,Analytics,Visualization,,,
235,Celonis,Analytics,Visualization,,,Video
236,Centrifuge Systems,Analytics,Visualization,Acquired by Culmen International in January 2019,2019,
237,Chartio,Analytics,Visualization,,,
238,DataHero,Analytics,Visualization,Acquired by Cloudability in January 2016,2016,Video
239,GeckoBoard,Analytics,Visualization,,,
240,Google Cloud DataLab,Analytics,Visualization,,,
241,Grid,Analytics,Visualization,,,
242,Kitenga,Analytics,Visualization,Acquired by Dell in Feb 2013,2013,
243,Librato,Analytics,Visualization,Acquired by SolarWinds in January 2015,2015,
244,Looker,Analytics,Visualization,Acquired by Google in June 2019,2019,
245,Metric Insights,Analytics,Visualization,,,
246,Microsoft Power BI,Analytics,Visualization,,,
247,Observable,Analytics,Visualization,,,
248,Periscope Data,Analytics,Visualization,Acquired by SiSense in May 2019,2019,Video
249,Plotly,Analytics,Visualization,,,
250,Qunb,Analytics,Visualization,Acquired by VE Interactive in December  2014,2014,
251,Roambi,Analytics,Visualization,Acquired by SAP in February 2016,2016,
252,SAP Lumira,Analytics,Visualization,,,
253,Synerscope,Analytics,Visualization,,,
254,Tableau,Analytics,Visualization,,,
255,ToucanToco,Analytics,Visualization,,,
256,ToucanToco,Analytics,Visualization,,,
257,Visually,Analytics,Visualization,Acquired by ScribbleLive in January 2016,2016,
258,ZEPL,Analytics,Visualization,,,
259,Zoomdata,Analytics,Visualization,Acquired by Logi Analytics in June 2019,2019,
260,Airtable,Analytics,Web/Mobile/Commerce Analytics,,,Video
261,Amplitude,Analytics,Web/Mobile/Commerce Analytics,,,
262,Clavis Insight,Analytics,Web/Mobile/Commerce Analytics,Acquired by Ascential in December 2017,2017,
263,Custora,Analytics,Web/Mobile/Commerce Analytics,,,Video
264,Google Analytics,Analytics,Web/Mobile/Commerce Analytics,,,
265,GoSquared,Analytics,Web/Mobile/Commerce Analytics,,,
266,Granify,Analytics,Web/Mobile/Commerce Analytics,,,
267,Market Track,Analytics,Web/Mobile/Commerce Analytics,Acquired by Vista Equity Partners in August 2017,2017,
268,MixPanel,Analytics,Web/Mobile/Commerce Analytics,,,
269,Quettra,Analytics,Web/Mobile/Commerce Analytics,Acquired by SimilarWeb in December 2015,2015,
270,Retention Science,Analytics,Web/Mobile/Commerce Analytics,,,
271,RJMetrics,Analytics,Web/Mobile/Commerce Analytics,Acquired by Magento Commerce in August 2016,2016,
272,SigOpt,Analytics,Web/Mobile/Commerce Analytics,,,
273,SumAll,Analytics,Web/Mobile/Commerce Analytics,,,Video
274,Digits,Application - Enterprise,Finance,,,
275,Accelirate,Applications - Enterprise,Back Office Automation & RPA,,,
276,Alkymi,Applications - Enterprise,Back Office Automation & RPA,,,Video
277,AntWorks,Applications - Enterprise,Back Office Automation & RPA,,,
278,Appbus,Applications - Enterprise,Back Office Automation & RPA,,,
279,atSpoke,Applications - Enterprise,Back Office Automation & RPA,,,
280,Automation Anywhere,Applications - Enterprise,Back Office Automation & RPA,,,
281,Blue Prism,Applications - Enterprise,Back Office Automation & RPA,,,
282,Catalytic,Applications - Enterprise,Back Office Automation & RPA,,,
283,EdgeVerve,Applications - Enterprise,Back Office Automation & RPA,,,
284,Electric AI,Applications - Enterprise,Back Office Automation & RPA,,,
285,FortressIQ,Applications - Enterprise,Back Office Automation & RPA,,,
286,Golden Technology,Applications - Enterprise,Back Office Automation & RPA,,,
287,HighRadius,Applications - Enterprise,Back Office Automation & RPA,,,
288,HyperScience,Applications - Enterprise,Back Office Automation & RPA,,,Video
289,Instabase,Applications - Enterprise,Back Office Automation & RPA,,,
290,Kyron Systems,Applications - Enterprise,Back Office Automation & RPA,,,
291,Moveworks,Applications - Enterprise,Back Office Automation & RPA,,,
292,Redwood,Applications - Enterprise,Back Office Automation & RPA,,,
293,Thoughtonomy,Applications - Enterprise,Back Office Automation & RPA,Acquired by Blue Prism in June 2019,2019,
294,UiPath,Applications - Enterprise,Back Office Automation & RPA,,,
295,Vidado,Applications - Enterprise,Back Office Automation & RPA,Acquired by SS&C in March 2020,2020,Video
296,Workato,Applications - Enterprise,Back Office Automation & RPA,,,
297,WorkFusion,Applications - Enterprise,Back Office Automation & RPA,,,Video
298,Zinier,Applications - Enterprise,Back Office Automation & RPA,,,
299,Ada,Applications - Enterprise,Customer Experience / Service,,,Video
300,Ada Support,Applications - Enterprise,Customer Experience / Service,,,
301,Afiniti,Applications - Enterprise,Customer Experience / Service,,,
302,Aircall,Applications - Enterprise,Customer Experience / Service,,,
303,Amazon Lex,Applications - Enterprise,Customer Experience / Service,,,
304,Amplitude,Applications - Enterprise,Customer Experience / Service,,,
305,Appuri,Applications - Enterprise,Customer Experience / Service,Acquired by Docusign in December 2017,2017,
306,ASAPP,Applications - Enterprise,Customer Experience / Service,,,
307,Attensity,Applications - Enterprise,Customer Experience / Service,Acquired by inContact in September 2016,2016,
308,Automat,Applications - Enterprise,Customer Experience / Service,,,
309,CallDesk,Applications - Enterprise,Customer Experience / Service,,,
310,CallMiner,Applications - Enterprise,Customer Experience / Service,,,
311,Clarabridge,Applications - Enterprise,Customer Experience / Service,,,
312,ClickFox,Applications - Enterprise,Customer Experience / Service,,,
313,Dialogflow,Applications - Enterprise,Customer Experience / Service,,,
314,DigitialGenius,Applications - Enterprise,Customer Experience / Service,,,
315,Drift,Applications - Enterprise,Customer Experience / Service,,,
316,Frame.ai,Applications - Enterprise,Customer Experience / Service,,,Video
317,Freshdesk,Applications - Enterprise,Customer Experience / Service,,,
318,Gainsight,Applications - Enterprise,Customer Experience / Service,,,Video
319,Heap,Applications - Enterprise,Customer Experience / Service,,,
320,Intercom,Applications - Enterprise,Customer Experience / Service,,,
321,Kasisto,Applications - Enterprise,Customer Experience / Service,,,
322,Kustomer,Applications - Enterprise,Customer Experience / Service,,,
323,LivePerson,Applications - Enterprise,Customer Experience / Service,,,
324,Medallia,Applications - Enterprise,Customer Experience / Service,,,
325,Netomi,Applications - Enterprise,Customer Experience / Service,,,
326,NGData,Applications - Enterprise,Customer Experience / Service,,,
327,Pendo,Applications - Enterprise,Customer Experience / Service,,,Video
328,Preact,Applications - Enterprise,Customer Experience / Service,Acquired by Spotify in November 2016,2016,
329,Qualtrics,Applications - Enterprise,Customer Experience / Service,Acquired by SAP in November 2018,2018,Video
330,StellaService,Applications - Enterprise,Customer Experience / Service,,,Video
331,SurveyMonkey,Applications - Enterprise,Customer Experience / Service,,,
332,Talla,Applications - Enterprise,Customer Experience / Service,,,
333,TechSee,Applications - Enterprise,Customer Experience / Service,,,
334,UserTesting,Applications - Enterprise,Customer Experience / Service,,,
335,Watson Assistant,Applications - Enterprise,Customer Experience / Service,,,
336,Wise.io,Applications - Enterprise,Customer Experience / Service,Acquired by GE in November 2016,2016,Video
337,Zendesk,Applications - Enterprise,Customer Experience / Service,,,
338,Butter,Applications - Enterprise,Enterprise Productivity,Acquired by Box in July 2018,2018,
339,Clara Labs,Applications - Enterprise,Enterprise Productivity,Acquired by TopFunnel in August 2019,2019,
340,Diffbot,Applications - Enterprise,Enterprise Productivity,,,
341,Facebook M,Applications - Enterprise,Enterprise Productivity,,,Video
342,Guru,Applications - Enterprise,Enterprise Productivity,,,
343,Guru,Applications - Enterprise,Enterprise Productivity,,,
344,Oracle AI Apps,Applications - Enterprise,Enterprise Productivity,,,
345,Pryon,Applications - Enterprise,Enterprise Productivity,,,
346,Slack,Applications - Enterprise,Enterprise Productivity,,,Video
347,Tempo,Applications - Enterprise,Enterprise Productivity,Acquired by Salesforce in May 2015,2015,
348,x.ai,Applications - Enterprise,Enterprise Productivity,,,Video
349,Adaptive Insights,Applications - Enterprise,Finance,Acquired by Workday in June 2018,2018,
350,Anaplan,Applications - Enterprise,Finance,IPO in October 2018,2018,
351,AppZen,Applications - Enterprise,Finance,,,
352,Botkeeper,Applications - Enterprise,Finance,,,
353,Host Analytics,Applications - Enterprise,Finance,Acquired by Vector Capital in December 2018,2018,
354,MineralTree,Applications - Enterprise,Finance,,,
355,Netsuite,Applications - Enterprise,Finance,,,
356,Pilot,Applications - Enterprise,Finance,,,
357,SAP S/4 HANA,Applications - Enterprise,Finance,,,
358,ScaleFactor,Applications - Enterprise,Finance,,,
359,Tidemark,Applications - Enterprise,Finance,Acquired in June 2017 by Longview Solutions,2017,
360,Zuora,Applications - Enterprise,Finance,IPO in April 2018,2018,
361,AllyO,Applications - Enterprise,Human Capital,,,
362,Beamery,Applications - Enterprise,Human Capital,,,
363,Clustree,Applications - Enterprise,Human Capital,Acquired by Cornerstone in January 2020,2020,
364,Connectifier,Applications - Enterprise,Human Capital,Acquired by LinkedIn in February 2016,2016,
365,e-cheng,Applications - Enterprise,Human Capital,,,
366,Entelo,Applications - Enterprise,Human Capital,,,
367,Evolv.net,Applications - Enterprise,Human Capital,Acquired by Cornerstone in October 2014,2014,
368,Gigster,Applications - Enterprise,Human Capital,,,
369,Gild,Applications - Enterprise,Human Capital,Acquired by Citadel in October 2016,2016,
370,HiQ,Applications - Enterprise,Human Capital,,,
371,HireVue,Applications - Enterprise,Human Capital,,,
372,Mya Systems,Applications - Enterprise,Human Capital,,,
373,Predictive Index,Applications - Enterprise,Human Capital,,,
374,Pymetrics,Applications - Enterprise,Human Capital,,,Video
375,Restless Bandit,Applications - Enterprise,Human Capital,,,
376,Stella.ai,Applications - Enterprise,Human Capital,,,
377,Textio,Applications - Enterprise,Human Capital,,,Video
378,Uncommon,Applications - Enterprise,Human Capital,,,
379,Wade & Wendy,Applications - Enterprise,Human Capital,,,
380,Brightleaf,Applications - Enterprise,Legal,,,
381,ContractPodAi,Applications - Enterprise,Legal,,,
382,Counselytics,Applications - Enterprise,Legal,,,
383,CS Disco,Applications - Enterprise,Legal,,,
384,eBrevia,Applications - Enterprise,Legal,Acquired by Donnelley Financial Solutions in December 2018,2018,
385,Everlaw,Applications - Enterprise,Legal,,,
386,Ironclad,Applications - Enterprise,Legal,,,
387,Judicata,Applications - Enterprise,Legal,,,Video
388,Kira,Applications - Enterprise,Legal,,,
389,Lex Machina,Applications - Enterprise,Legal,Acquired by LexisNexis in November 2015,2015,Video
390,Premonition.ai,Applications - Enterprise,Legal,,,
391,Ravel Law,Applications - Enterprise,Legal,Acquired by LexisNexis in June 2017,2017,
392,Ross Intelligence,Applications - Enterprise,Legal,,,
393,Seal Software,Applications - Enterprise,Legal,Acquired by Docusign in February 2020,2020,
394,6sense,Applications - Enterprise,Marketing - B2B,,,Video
395,Alyce,Applications - Enterprise,Marketing - B2B,,,
396,App Annie,Applications - Enterprise,Marketing - B2B,,,
397,BrightFunnel,Applications - Enterprise,Marketing - B2B,,,
398,Datafox,Applications - Enterprise,Marketing - B2B,Acquired by Oracle in October 2018,2018,
399,Engagio,Applications - Enterprise,Marketing - B2B,Acquired by Demandbase in June 2020,2020,
400,Everstring,Applications - Enterprise,Marketing - B2B,,,
401,Infer,Applications - Enterprise,Marketing - B2B,Acquired by Ignite Technologies in October 2017,2017,
402,Knotch,Applications - Enterprise,Marketing - B2B,,,
403,Lattice Engines,Applications - Enterprise,Marketing - B2B,Acquired by Dun & Bradstreet in June 2019,2019,
404,MRP Prelytix,Applications - Enterprise,Marketing - B2B,Acquired in October 2014 by First Derivative,2014,
405,Node,Applications - Enterprise,Marketing - B2B,Acquired by SugarCRM in August 2020,2020,
406,Reflektion,Applications - Enterprise,Marketing - B2B,,,
407,Tubular Labs,Applications - Enterprise,Marketing - B2B,,,
408,ActionIQ,Applications - Enterprise,Marketing - B2C,,,Video
409,ActiveCampaign,Applications - Enterprise,Marketing - B2C,,,
410,Amperity,Applications - Enterprise,Marketing - B2C,,,
411,Attentive Mobile,Applications - Enterprise,Marketing - B2C,,,
412,automotiveMastermind,Applications - Enterprise,Marketing - B2C,Acquired by IHS Markit in September 2017,2017,
413,BloomReach,Applications - Enterprise,Marketing - B2C,,,Video
414,Blue Yonder,Applications - Enterprise,Marketing - B2C,Acquired by JDA in July 2018,2018,
415,Bluecore,Applications - Enterprise,Marketing - B2C,,,
416,Braze,Applications - Enterprise,Marketing - B2C,,,Video
417,ContentSquare,Applications - Enterprise,Marketing - B2C,,,
418,Faraday,Applications - Enterprise,Marketing - B2C,,,
419,Gigya,Applications - Enterprise,Marketing - B2C,Acquired by SAP in September 2017,2017,
420,Invoca,Applications - Enterprise,Marketing - B2C,,,
421,Kahuna,Applications - Enterprise,Marketing - B2C,,,
422,Kontera,Applications - Enterprise,Marketing - B2C,Acquired by Amobee in June 2014,2014,
423,LiveFyre,Applications - Enterprise,Marketing - B2C,Acquired by Adobe in May 2016,2016,Video
424,Lytics,Applications - Enterprise,Marketing - B2C,,,
425,mParticle,Applications - Enterprise,Marketing - B2C,,,
426,People Pattern,Applications - Enterprise,Marketing - B2C,,,
427,Persado,Applications - Enterprise,Marketing - B2C,,,
428,Quantifind,Applications - Enterprise,Marketing - B2C,,,
429,Remesh,Applications - Enterprise,Marketing - B2C,,,
430,Sailthru,Applications - Enterprise,Marketing - B2C,Acquired by Campaign Monitor in December 2018,2018,Video
431,SendGrid,Applications - Enterprise,Marketing - B2C,IPO in November 2017,2017,
432,Signpost,Applications - Enterprise,Marketing - B2C,,,
433,Simon Data,Applications - Enterprise,Marketing - B2C,,,
434,Spinnakr,Applications - Enterprise,Marketing - B2C,,,
435,SYNTASA,Applications - Enterprise,Marketing - B2C,,,
436,Tealium,Applications - Enterprise,Marketing - B2C,,,
437,TellApart,Applications - Enterprise,Marketing - B2C,Acquired by Twitter in April 2015,2015,
438,Zeta Interactive,Applications - Enterprise,Marketing - B2C,,,
439,Crossbeam,Applications - Enterprise,Partnerships,,,
440,Data Republic,Applications - Enterprise,Partnerships,,,
441,InfoSum,Applications - Enterprise,Partnerships,,,
442,BigID,Applications - Enterprise,RegTech & Compliance,,,
443,ComplyAdvantage,Applications - Enterprise,RegTech & Compliance,,,
444,Ethyca,Applications - Enterprise,RegTech & Compliance,,,
445,OneTrust,Applications - Enterprise,RegTech & Compliance,,,
446,Securiti.ai,Applications - Enterprise,Regtech & Compliance,,,
447,Tessian,Applications - Enterprise,RegTech & Compliance,,,
448,Text IQ,Applications - Enterprise,RegTech & Compliance,,,
449,Aviso,Applications - Enterprise,Sales,,,
450,Chorus.ai,Applications - Enterprise,Sales,,,
451,Clari,Applications - Enterprise,Sales,,,
452,Clearbit,Applications - Enterprise,Sales,,,
453,Collective Intelligence,Applications - Enterprise,Sales,,,
454,Conversica,Applications - Enterprise,Sales,,,
455,FuseMachines,Data Resources,Incubators & Schools,,,Video
456,Gong,Applications - Enterprise,Sales,,,
457,Xant,Applications - Enterprise,Sales,,,
458,People.ai,Applications - Enterprise,Sales,,,
459,RelateIQ,Applications - Enterprise,Sales,Acquired by Salesforce in July 2014,2014,
460,Salesforce Einstein,Applications - Enterprise,Sales,,,
461,Tact,Applications - Enterprise,Sales,,,
462,Troops.ai,Applications - Enterprise,Sales,,,
463,Anomali,Applications - Enterprise,Security,,,
464,Area 1 Security,Applications - Enterprise,Security,,,Video
465,Armorblox,Applications - Enterprise,Security,,,
466,Axonius,Applications - Enterprise,Security,,,
467,Bitglass,Applications - Enterprise,Security,,,
468,BitSight Technologies,Applications - Enterprise,Security,,,
469,Blue Hexagon,Applications - Enterprise,Security,,,
470,CipherCloud,Applications - Enterprise,Security,,,
471,CloudFlare,Applications - Enterprise,Security,,,
472,Code42,Applications - Enterprise,Security,,,
473,GoSecure,Applications - Enterprise,Security,,,
474,CrowdStrike,Applications - Enterprise,Security,IPO in June 2019,2019,
475,CybelAngel,Applications - Enterprise,Security,,,
476,Cybereason,Applications - Enterprise,Security,,,
477,CyberX,Applications - Enterprise,Security,Acquired by Microsoft in June 2020,2020,
478,Blackberry Spark,Applications - Enterprise,Security,,,
479,DarkTrace,Applications - Enterprise,Security,,,
480,Datagravity,Applications - Enterprise,Security,Acquired by HyTrust in July 2017,2017,
481,Dataguise,Applications - Enterprise,Security,,,
482,Datavisor,Applications - Enterprise,Security,,,
483,E8 Security,Applications - Enterprise,Security,Acquired by VMware in March 2018,2018,
484,Evident.io,Applications - Enterprise,Security,Acquired by Palo Alto Networks in March 2018,2018,
485,Exabeam,Applications - Enterprise,Security,,,
486,Feedzai,Applications - Enterprise,Security,,,
487,Forter,Applications - Enterprise,Security,,,
488,Fortscale,Applications - Enterprise,Security,Acquired by RSA Security in April 2018,2018,
489,GitGuardian,Applications - Enterprise,Security,,,
490,Guardian Analytics,Applications - Enterprise,Security,Acquired by NICE Actimize in June 2020,2020,
491,Illumio,Applications - Enterprise,Security,,,
492,Imperva,Applications - Enterprise,Security,Acquired by Thoma Bravo In October 2018,2018,
493,IronNet Cybersecurity,Applications - Enterprise,Security,,,
494,Jask Labs,Applications - Enterprise,Security,Acquired by Sumo Logic in November 2019,2019,
495,Keybase,Applications - Enterprise,Security,Acquired by Zoom in May 2020,2020,
496,Netskope,Applications - Enterprise,Security,,,
497,Nexthink,Applications - Enterprise,Security,,,
498,Obsidian Security,Applications - Enterprise,Security,,,
499,Pindrop Security,Applications - Enterprise,Security,,,
500,Privitar,Applications - Enterprise,Security,,,
501,Recorded Future,Applications - Enterprise,Security,Acquired by Insight in May 2019,2019,Video
502,Riskified,Applications - Enterprise,Security,,,
503,RiskRecon,Applications - Enterprise,Security,Acquired by Mastercard in November 2019,2019,
504,Security Scorecard,Applications - Enterprise,Security,,,Video
505,Semmle,Applications - Enterprise,Security,Acquired by Github in September 2019,2019,
506,SentinelOne,Applications - Enterprise,Security,,,
507,Shield AI,Applications - Enterprise,Security,,,
508,Sift Science,Applications - Enterprise,Security,,,Video
509,SignalSense,Applications - Enterprise,Security,,,
510,Signifyd,Applications - Enterprise,Security,,,
511,Socure,Applications - Enterprise,Security,,,
512,SparkCognition,Applications - Enterprise,Security,,,
513,Sqrrl,Applications - Enterprise,Security,Acquired by Amazon in January 2018,2018,Video
514,StackPath,Applications - Enterprise,Security,,,
515,Tanium,Applications - Enterprise,Security,,,
516,ThreatMetrix,Applications - Enterprise,Security,Acquired by Lexis Nexis in January 2018,2018,
517,Vade Secure,Applications - Enterprise,Security,,,
518,Vectra Networks,Applications - Enterprise,Security,,,
519,Wanlihong,Applications - Enterprise,Security,,,
520,Zettaset,Applications - Enterprise,Security,,,
521,ZScaler,Applications - Enterprise,Security,IPO in April 2018,2018,
522,33Across,Applications - Industry,Advertising,,,
523,Adbrain,Applications - Industry,Advertising,,,
524,Aggregate Knowledge,Applications - Industry,Advertising,Acquired by Neustar in October 2013,2013,
525,AiMatch,Applications - Industry,Advertising,Acquired by SAS Institute in February 2012,2012,
526,Albert Technologies (fka Adgorithms),Applications - Industry,Advertising,,,
527,Appier,Applications - Industry,Advertising,,,
528,AppNexus,Applications - Industry,Advertising,,,Video
529,Criteo,Applications - Industry,Advertising,,,
530,DataXu,Applications - Industry,Advertising,,,
531,Datorama,Applications - Industry,Advertising,Acquired by Salesforce in July 2018,2018,Video
532,Drawbridge,Applications - Industry,Advertising,Acquired by Gimbal in May 2018,2018,
533,Dstillery,Applications - Industry,Advertising,,,
534,Dynamic Yield,Applications - Industry,Advertising,Acquired by in McDonald's March 2019,2019,
535,eXelate,Applications - Industry,Advertising,Acquired by Nielsen in March 2015,2015,
536,GroundTruth (fka xAd),Applications - Industry,Advertising,,,
537,GumGum,Applications - Industry,Advertising,,,
538,Integral Ad Science,Applications - Industry,Advertising,Acquired in May 2018 by Vista Equity Partners,2018,
539,ispot.tv,Applications - Industry,Advertising,,,
540,LiveIntent,Applications - Industry,Advertising,,,
541,MediaMath,Applications - Industry,Advertising,,,
542,Moat Analytics,Applications - Industry,Advertising,Acquired by Oracle in April 2017,2017,
543,MobileWalla,Applications - Industry,Advertising,,,
544,OpenX,Applications - Industry,Advertising,,,
545,Rocket Fuel,Applications - Industry,Advertising,Acquired by Sizmek in July 2017,2017,
546,Tapad,Applications - Industry,Advertising,Acquired by Telenor in January 2016,2016,Video
547,Teemo (fka DataBerries),Applications - Industry,Advertising,,,
548,The Trade Desk,Applications - Industry,Advertising,IPO in September 2016,2016,
549,Versium,Applications - Industry,Advertising,,,
550,AgroStar,Applications - Industry,Agriculture,,,
551,Aquabyte,Applications - Industry,Agriculture,,,
552,Blue River Tech,Applications - Industry,Agriculture,Acquired by Deere & Co in September 2017,2017,
553,Farmers Business Network,Applications - Industry,Agriculture,,,
554,Farmers Edge,Applications - Industry,Agriculture,,,
555,FarmLogs,Applications - Industry,Agriculture,,,
556,Granular,Applications - Industry,Agriculture,Acquired by DuPont in August 2017,2017,
557,Mavrx,Applications - Industry,Agriculture,,,
558,Prospera,Applications - Industry,Agriculture,,,
559,Semios,Applications - Industry,Agriculture,,,
560,Terravion,Applications - Industry,Agriculture,,,
561,The Climate Corporation,Applications - Industry,Agriculture,Acquired by Monsanto in Oct 2013,2013,
562,Dia & Co,Applications - Industry,Commerce,,,Video
563,Faire,Applications - Industry,Commerce,,,
564,Heuritech,Applications - Industry,Commerce,,,
565,HowGood,Applications - Industry,Commerce,,,Video
566,Instacart,Applications - Industry,Commerce,,,Video
567,RetailNext,Applications - Industry,Commerce,,,
568,Standard Cognition,Applications - Industry,Commerce,,,
569,Stitch Fix,Applications - Industry,Commerce,,,Video
570,Clever,Applications - Industry,Education,,,
571,Declara,Applications - Industry,Education,Acquired by Futuryng in April 2019,2019,
572,Gradescope,Applications - Industry,Education,Acquired by Turnitin in October 2018,2018,
573,Kidaptive,Applications - Industry,Education,,,
574,Knewton,Applications - Industry,Education,Acquired by Wiley in May 2019,2019,Video
575,KnowRe,Applications - Industry,Education,Acquired by DAEKYO in August 2018,2018,
576,Liulishuo,Applications - Industry,Education,,,
577,Panorama Education,Applications - Industry,Education,,,Video
578,Yuanfudao,Applications - Industry,Education,,,
579,Addepar,Applications - Industry,Finance - Investing,,,
580,Algoriz,Applications - Industry,Finance - Investing,,,
581,Clarity Money,Applications - Industry,Finance - Investing,Acquired by Goldman Sachs in April 2018,2018,
582,Eigen Technologies,Applications - Industry,Finance - Investing,,,
583,eVestment,Applications - Industry,Finance - Investing,,,
584,Isentium,Applications - Industry,Finance - Investing,,,
585,Kensho,Applications - Industry,Finance - Investing,Acquired by S&P in March 2018,2018,Video
586,Kensho,Applications - Industry,Finance - Investing,,,
587,Numerai,Applications - Industry,Finance - Investing,,,
588,Pagaya,Applications - Industry,Finance - Investing,,,
589,Quantopian,Applications - Industry,Finance - Investing,,,Video
590,100credit,Applications - Industry,Finance - Lending,,,
591,Active AI,Applications - Industry,Finance - Lending,,,
592,Affirm,Applications - Industry,Finance - Lending,,,
593,Aire,Applications - Industry,Finance - Lending,,,
594,Aura,Applications - Industry,Finance - Lending,,,Video
595,Avant,Applications - Industry,Finance - Lending,,,
596,BillGuard,Applications - Industry,Finance - Lending,Acquired by Prosper in September 2015,2015,
597,Cignifi,Applications - Industry,Finance - Lending,,,
598,Clearbanc,Applications - Industry,Finance - Lending,,,
599,CommonBond,Applications - Industry,Finance - Lending,,,
600,Earnest,Applications - Industry,Finance - Lending,Acquired by Naviant in October 2017,2017,
601,Jianpu Technology,Applications - Industry,Finance - Lending,IPO in November 2017,2017,
602,Kabbage,Applications - Industry,Finance - Lending,,,
603,Kreditech,Applications - Industry,Finance - Lending,,,
604,Lending Club,Applications - Industry,Finance - Lending,IPO in December 2014,2014,Video
605,LendUp,Applications - Industry,Finance - Lending,,,
606,MoneyLion,Applications - Industry,Finance - Lending,,,
607,OnDeck,Applications - Industry,Finance - Lending,IPO in December 2014,2014,Video
608,Payoff,Applications - Industry,Finance - Lending,,,
609,PPDAI,Applications - Industry,Finance - Lending,IPO in November 2017,2017,
610,Prosper,Applications - Industry,Finance - Lending,,,
611,SoFi,Applications - Industry,Finance - Lending,,,
612,Tala,Applications - Industry,Finance - Lending,,,
613,TrueAccord,Applications - Industry,Finance - Lending,,,
614,Upgrade,Applications - Industry,Finance - Lending,,,
615,Upstart,Applications - Industry,Finance - Lending,,,
616,Wecash,Applications - Industry,Finance - Lending,,,
617,WeLab,Applications - Industry,Finance - Lending,,,
618,Wonga,Applications - Industry,Finance - Lending,,,
619,ZestFinance,Applications - Industry,Finance - Lending,,,Video
620,Anduril,Applications - Industry,Government & Intelligence,,,
621,Dataminr,Applications - Industry,Government & Intelligence,,,
622,Enigma,Applications - Industry,Government & Intelligence,,,Video
623,FireStop,Applications - Industry,Government & Intelligence,,,Video
624,FiscalNote,Applications - Industry,Government & Intelligence,,,Video
625,Forge.AI,Applications - Industry,Government & Intelligence,,,
626,GRIDSMART,Applications - Industry,Government & Intelligence,Acquired by Cubic in January 2019,2019,
627,LiveStories,Applications - Industry,Government & Intelligence,,,
628,Mark43,Applications - Industry,Government & Intelligence,,,Video
629,OpenDataSoft,Applications - Industry,Government & Intelligence,,,Video
630,OpenGov,Applications - Industry,Government & Intelligence,,,
631,Palantir,Applications - Industry,Government & Intelligence,,,
632,Passport,Applications - Industry,Government & Intelligence,,,
633,PredPol,Applications - Industry,Government & Intelligence,,,
634,Primer,Applications - Industry,Government & Intelligence,,,
635,Quid,Applications - Industry,Government & Intelligence,,,Video
636,SmartProcure,Applications - Industry,Government & Intelligence,,,
637,Socrata,Applications - Industry,Government & Intelligence,Acquired by Tyler Technologies in April 2018,2018,
638,Streetlight Data,Applications - Industry,Government & Intelligence,,,
639,3DMED,Applications - Industry,Healthcare,,,
640,AiCure,Applications - Industry,Healthcare,,,
641,Arterys,Applications - Industry,Healthcare,,,
642,Babylon Health,Applications - Industry,Healthcare,,,
643,Caption Health,Applications - Industry,Healthcare,,,
644,Ciitizen,Applications - Industry,Healthcare,,,
645,CloudMedx,Applications - Industry,Healthcare,,,
646,Clover Health,Applications - Industry,Healthcare,,,
647,COTA,Applications - Industry,Healthcare,,,
648,Datavant,Applications - Industry,Healthcare,,,
649,Enlitic,Applications - Industry,Healthcare,,,
650,Ezra,Applications - Industry,Healthcare,,,
651,Flatiron Health,Applications - Industry,Healthcare,Acquired by Roche in February 2018,2018,Video
652,Ginger.io,Applications - Industry,Healthcare,,,
653,Glow,Applications - Industry,Healthcare,,,
654,Grand Round Table,Applications - Industry,Healthcare,,,
655,HealthTap,Applications - Industry,Healthcare,,,Video
656,HumanDX,Applications - Industry,Healthcare,,,
657,Imagen Technologies,Applications - Industry,Healthcare,,,
658,Imagia,Applications - Industry,Healthcare,,,
659,InnovAccer,Applications - Industry,Healthcare,,,
660,intelligencia.ai,Applications - Industry,Healthcare,,,
661,K Health,Applications - Industry,Healthcare,,,Video
662,Khieron,Applications - Industry,Healthcare,,,
663,Komodo Health,Applications - Industry,Healthcare,,,
664,Kyruus,Applications - Industry,Healthcare,,,
665,LeanTaaS,Applications - Industry,Healthcare,,,
666,LinkDoc Technology,Applications - Industry,Healthcare,,,
667,Lumiata,Applications - Industry,Healthcare,,,
668,Metabiota,Applications - Industry,Healthcare,,,
669,Mindstrong,Applications - Industry,Healthcare,,,
670,Notable,Applications - Industry,Healthcare,,,
671,Olive,Applications - Industry,Healthcare,,,
672,Ovia Health,Applications - Industry,Healthcare,,,
673,PAIGE.AI,Applications - Industry,Healthcare,,,
674,PathAI,Applications - Industry,Healthcare,,,
675,PatientsLikeMe,Applications - Industry,Healthcare,,,
676,Prognos,Applications - Industry,Healthcare,,,
677,Protenus,Applications - Industry,Healthcare,,,
678,Qventus,Applications - Industry,Healthcare,,,
679,SigTuple,Applications - Industry,Healthcare,,,
680,Spring Health,Applications - Industry,Healthcare,,,
681,Syllable,Applications - Industry,Healthcare,,,
682,Tempus Labs,Applications - Industry,Healthcare,,,
683,Viz.ai,Applications - Industry,Healthcare,,,
684,Zebra Medical Vision,Applications - Industry,Healthcare,,,
685,Alluvium,Applications - Industry,Industrial,Acquired by Augury in January 2019,2019,Video
686,Augury,Applications - Industry,Industrial,,,Video
687,AVEVA,Applications - Industry,Industrial,,,
688,CloudNC,Applications - Industry,Industrial,,,
689,Fero Labs,Applications - Industry,Industrial,,,Video
690,Flexciton,Applications - Industry,Industrial,,,
691,Kayrros,Applications - Industry,Industrial,,,
692,KONUX,Applications - Industry,Industrial,,,
693,Motive Drilling,Applications - Industry,Industrial,Acquired by Helmerich & Payne in May 2017,2017,
694,OSISoft,Applications - Industry,Industrial,Acquired by Aveva in August 2020,2020,
695,Predix,Applications - Industry,Industrial,,,
696,Schneider,Applications - Industry,Industrial,,,
697,Scortex,Applications - Industry,Industrial,,,
698,Siemens,Applications - Industry,Industrial,,,
699,Sight Machine,Applications - Industry,Industrial,,,
700,Tachyus,Applications - Industry,Industrial,,,
701,Tulip,Applications - Industry,Industrial,,,
702,Uptake,Applications - Industry,Industrial,,,
703,Arturo,Applications - Industry,Insurance,,,
704,Bought By Many,Applications - Industry,Insurance,,,
705,Cape Analytics,Applications - Industry,Insurance,,,
706,Cyence,Applications - Industry,Insurance,Acquired by Guidewire in October 2017,2017,
707,Duck Creek Technologies,Applications - Industry,Insurance,IPO in 2020,2020,
708,Ethos Technologies,Applications - Industry,Insurance,,,
709,EvolutionIQ,Applications - Industry,Insurance,,,
710,Hippo,Applications - Industry,Insurance,,,
711,Lemonade,Applications - Industry,Insurance,IPO in July 2020,2020,
712,MetroMile,Applications - Industry,Insurance,,,
713,Root Insurance,Applications - Industry,Insurance,,,
714,Shift Technology,Applications - Industry,Insurance,,,
715,Tractable,Applications - Industry,Insurance,,,
716,Zelros,Applications - Industry,Insurance,,,
717,Zesty.ai,Applications - Industry,Insurance,,,
718,23andMe,Applications - Industry,Life Sciences,,,
719,3scan,Applications - Industry,Life Sciences,,,
720,Atomwise,Applications - Industry,Life Sciences,,,
721,Benchling,Applications - Industry,Life Sciences,,,Video
722,BenevolentAI,Applications - Industry,Life Sciences,,,Video
723,Bina Technologies,Applications - Industry,Life Sciences,Acquired by Roche in December 2014,2014,
724,BlackThorn Therapeutics,Applications - Industry,Life Sciences,,,
725,Citrine Informatics,Applications - Industry,Life Sciences,,,
726,Clear Labs,Applications - Industry,Life Sciences,,,
727,Color Genomics,Applications - Industry,Life Sciences,,,
728,Concerto HealthAI,Applications - Industry,Life Sciences,,,
729,Counsyl,Applications - Industry,Life Sciences,,,
730,Deep Genomics,Applications - Industry,Life Sciences,,,
731,Diassess,Applications - Industry,Life Sciences,,,
732,DNAnexus,Applications - Industry,Life Sciences,,,
733,Exscientia,Applications - Industry,Life Sciences,,,
734,Freenome,Applications - Industry,Life Sciences,,,Video
735,Genuity Science,Applications - Industry,Life Sciences,,,
736,Healx,Applications - Industry,Life Sciences,,,
737,iCarbonX,Applications - Industry,Life Sciences,,,
738,Inato,Applications - Industry,Life Sciences,,,
739,Insitro,Applications - Industry,Life Sciences,,,
740,Notable Labs,Applications - Industry,Life Sciences,,,
741,OWKIN,Applications - Industry,Life Sciences,,,
742,Oxford Nanopore,Applications - Industry,Life Sciences,,,
743,Pathway Genomics,Applications - Industry,Life Sciences,,,
744,Phosphorus,Applications - Industry,Life Sciences,Acquired by The Cooper Companies in May 2016,2016,Video
745,Recursion Pharmaceuticals,Applications - Industry,Life Sciences,,,
746,SolveBio,Applications - Industry,Life Sciences,,,Video
747,Sophia Genetics,Applications - Industry,Life Sciences,,,
748,Transcriptic,Applications - Industry,Life Sciences,,,
749,Tute Genomics,Applications - Industry,Life Sciences,Acquired by PierianDx in October 2016,2016,
750,Twoxar,Applications - Industry,Life Sciences,,,
751,uBiome,Applications - Industry,Life Sciences,,,
752,Verana Health,Applications - Industry,Life Sciences,,,
753,Verily Life Sciences,Applications - Industry,Life Sciences,,,
754,Zephyr Health,Applications - Industry,Life Sciences,Acquired by Anju Software in October 2018,,
755,Zymergen,Applications - Industry,Life Sciences,,,
756,Amper Music,Applications - Industry,Other,,,Video
757,Boxever,Applications - Industry,Other,,,
758,Bytedance,Applications - Industry,Other,,,
759,Celect,Applications - Industry,Other,Acquired by Nike in August 2019,2019,
760,Duetto,Applications - Industry,Other,,,
761,EagleEye Analytics,Applications - Industry,Other,Acquired by Guidewire in March 2016,2016,
762,eHarmony,Applications - Industry,Other,,,Video
763,Espressive,Applications - Industry,Other,,,
764,Euclid Analytics,Applications - Industry,Other,Acquired by WeWork in February 2019,2019,
765,Hopper,Applications - Industry,Other,,,
766,Jukedeck,Applications - Industry,Other,,,
767,Layer 6,Applications - Industry,Other,Acquired by TD Bank in January 2018,2018,
768,Lightricks,Applications - Industry,Other,,,
769,Next Big Sound,Applications - Industry,Other,Acquired by Pandora Media in May 2015,2015,
770,NumberFire,Applications - Industry,Other,Acquired by FanDuel in August 2015,2015,Video
771,Opower,Applications - Industry,Other,Acquired by Oracle in May 2016,2016,
772,Rethink Robotics,Applications - Industry,Other,Closed,,
773,Second Spectrum,Applications - Industry,Other,,,
774,Seeq,Applications - Industry,Other,,,
775,Sojern,Applications - Industry,Other,,,
776,StatMuse,Applications - Industry,Other,,,
777,Stem,Applications - Industry,Other,,,
778,SwiftKey,Applications - Industry,Other,Acquired  by Microsoft in February 2016,2016,Video
779,Verdigris Technologies,Applications - Industry,Other,,,
780,Chartbeat,Applications - Industry,Publishing,,,Video
781,Outbrain,Applications - Industry,Publishing,,,
782,Quantcast,Applications - Industry,Publishing,,,
783,Taboola,Applications - Industry,Publishing,,,
784,Yieldbot,Applications - Industry,Publishing,,,
785,Yieldex,Applications - Industry,Publishing,Acquired by AppNexus in March 2015,2015,
786,YieldMo,Applications - Industry,Publishing,,,
787,Compstak,Applications - Industry,Real Estate,,,
788,Credifi,Applications - Industry,Real Estate,,,
789,GeoPhy,Applications - Industry,Real Estate,,,
790,OpenDoor,Applications - Industry,Real Estate,,,Video
791,Orchard,Applications - Industry,Real Estate,,,
792,Redfin,Applications - Industry,Real Estate,IPO in July 2017,2017,
793,Reonomy,Applications - Industry,Real Estate,,,
794,Skyline AI,Applications - Industry,Real Estate,,,
795,Spacemaker,Applications - Industry,Real Estate,,,
796,VTS,Applications - Industry,Real Estate,,,
797,Almotive,Applications - Industry,Transportation,,,
798,Aptiv,Applications - Industry,Transportation,,,
799,Argo AI,Applications - Industry,Transportation,,,
800,Aurora,Applications - Industry,Transportation,,,
801,Blaize,Applications - Industry,Transportation,,,
802,Cambridge Mobile Telematics,Applications - Industry,Transportation,,,
803,Civil Maps,Applications - Industry,Transportation,,,
804,Clearpath Robotics,Applications - Industry,Transportation,,,
805,Cognata,Applications - Industry,Transportation,,,
806,Comma.ai,Applications - Industry,Transportation,,,
807,Cruise Automation,Applications - Industry,Transportation,Acquired by GM in March 2016,2016,
808,G7 Networks,Applications - Industry,Transportation,,,
809,German Autolabs,Applications - Industry,Transportation,,,
810,Ghost Locomotion,Applications - Industry,Transportation,,,
811,Ike,Applications - Industry,Transportation,,,
812,Inrix,Applications - Industry,Transportation,,,
813,Juno,Applications - Industry,Transportation,,,
814,Kodiak Robotics,Applications - Industry,Transportation,,,
815,Lyft,Applications - Industry,Transportation,,,
816,Mobileye,Applications - Industry,Transportation,Acquired by Intel in March 2017,2017,
817,Moovit,Applications - Industry,Transportation,,,
818,Nauto,Applications - Industry,Transportation,,,
819,Nexar,Applications - Industry,Transportation,,,
820,Nio,Applications - Industry,Transportation,,,
821,Nuro,Applications - Industry,Transportation,,,
822,Optimus Ride,Applications - Industry,Transportation,,,
823,Otto,Applications - Industry,Transportation,Acquired by Uber in August 2016,2016,
824,Perceptive Automata,Applications - Industry,Transportation,,,
825,Pilot AI Labs,Applications - Industry,Transportation,,,
826,Tesla,Applications - Industry,Transportation,,,
827,TuSimple,Applications - Industry,Transportation,,,
828,Uber,Applications - Industry,Transportation,,,Video
829,Via Transportation,Applications - Industry,Transportation,,,Video
830,Waymo,Applications - Industry,Transportation,,,
831,Zoox,Applications - Industry,Transportation,,,
832,1010data,Cross Infrastructure/Analytics,Cross Infrastructure/Analytics,Acquired by Advance/Newhouse in August 2015,2015,Video
833,Amazon,Cross Infrastructure/Analytics,Cross Infrastructure/Analytics,,,
834,C3.ai,Cross Infrastructure/Analytics,Cross Infrastructure/Analytics,,,
835,Cloudera,Cross Infrastructure/Analytics,Cross Infrastructure/Analytics,IPO in April 2017,2017,Video
836,Google,Cross Infrastructure/Analytics,Cross Infrastructure/Analytics,,,
837,HPE,Cross Infrastructure/Analytics,Cross Infrastructure/Analytics,,,
838,IBM,Cross Infrastructure/Analytics,Cross Infrastructure/Analytics,,,
839,MapR,Cross Infrastructure/Analytics,Cross Infrastructure/Analytics,,,Video
840,Microsoft,Cross Infrastructure/Analytics,Cross Infrastructure/Analytics,,,Video
841,NetApp,Cross Infrastructure/Analytics,Cross Infrastructure/Analytics,,,
842,Oracle,Cross Infrastructure/Analytics,Cross Infrastructure/Analytics,,,
843,Qiniu,Cross Infrastructure/Analytics,Cross Infrastructure/Analytics,,,
844,Rubrik,Cross Infrastructure/Analytics,Cross Infrastructure/Analytics,,,
845,SAP,Cross Infrastructure/Analytics,Cross Infrastructure/Analytics,,,
846,SAS,Cross Infrastructure/Analytics,Cross Infrastructure/Analytics,,,
847,SyncSort,Cross Infrastructure/Analytics,Cross Infrastructure/Analytics,Acquired by Centerbridge Partners in July 2017,2017,
848,Teradata,Cross Infrastructure/Analytics,Cross Infrastructure/Analytics,,,
849,Tibco,Cross Infrastructure/Analytics,Cross Infrastructure/Analytics,,,
850,VMWare,Cross Infrastructure/Analytics,Cross Infrastructure/Analytics,,,
851,Accenture,Data Resources,Data Services,,,
852,Booz,Data Resources,Data Services,,,
853,Caserta Concepts,Data Resources,Data Services,,,
854,DataKind,Data Resources,Data Services,,,Video
855,DataScience,Data Resources,Data Services,Acquired by Oracle in May 2018,2018,
856,Datascope,Data Resources,Data Services,Acquired by Ideo October 2017,2017,
857,Electrifai,Data Resources,Data Services,,,
858,Electrifai,Data Resources,Data Services,,,Video
859,EXL Analytics,Data Resources,Data Services,,,
860,Fast Forward Labs,Data Resources,Data Services,Acquired by Cloudera in September 2017,2017,Video
861,Fractal Analytics,Data Resources,Data Services,Acquired by Apax Partners in January 2019,2019,
862,Innoplexus,Data Resources,Data Services,,,
863,Kaggle,Data Resources,Data Services,Acquired by Google in March 2017,2017,Video
864,McKinsey,Data Resources,Data Services,,,
865,Mu Sigma,Data Resources,Data Services,,,
866,Nuevora,Data Resources,Data Services,Acquired by Sugherland Global Services in October 2016,2016,
867,QuantumBlack,Data Resources,Data Services,Acquired by McKinsey in December 2015,2015,
868,Silicon Valley Data Science,Data Resources,Data Services,,,
869,Think Big Analytics,Data Resources,Data Services,Acquired by Teradata in September 2014,2014,Video
870,Valiance Solutions,Data Resources,Data Services,,,
871,Via Science,Data Resources,Data Services,,,
872,Data Elite,Data Resources,Incubators & Schools,,,
873,Data Science Workshops,Data Resources,Incubators & Schools,,,
874,DataCamp,Data Resources,Incubators & Schools,,,
875,Galvanize,Data Resources,Incubators & Schools,,,
876,General Assembly,Data Resources,Incubators & Schools,Acquired by Adecco in April 2018,2018,
877,Insight Data Science,Data Resources,Incubators & Schools,,,Video
878,Metis,Data Resources,Incubators & Schools,,,
879,Pluralsight,Data Resources,Incubators & Schools,IPO in May 2018,,Video
880,The Data Incubator,Data Resources,Incubators & Schools,,,Video
881,Zipfian,Data Resources,Incubators & Schools,Acquired by Galvanize in November 2014,2014,
882,Allen Institute,Data Resources,Research,,,
883,DFKI,Data Resources,Research,,,
884,Facebook Research,Data Resources,Research,,,
885,MILA,Data Resources,Research,,,
886,MIRI,Data Resources,Research,,,
887,MIT CSAIL,Data Resources,Research,,,
888,OFAI,Data Resources,Research,,,
889,OpenAI,Data Resources,Research,,,
890,Vector Institute,Data Resources,Research,,,
891,Airobotics,Data Sources & APIs,Air/Space/Sea,,,
892,Airware,Data Sources & APIs,Air/Space/Sea,Closed and assets sold to Delair in October 2018,2018,
893,Descartes Labs,Data Sources & APIs,Air/Space/Sea,,,Video
894,DroneDeploy,Data Sources & APIs,Air/Space/Sea,,,Video
895,ExoLabs,Data Sources & APIs,Air/Space/Sea,,,
896,Kespry,Data Sources & APIs,Air/Space/Sea,,,Video
897,Loft Orbital,Data Sources & APIs,Air/Space/Sea,,,
898,MarineTraffic,Data Sources & APIs,Air/Space/Sea,,,
899,Orbital Insight,Data Sources & APIs,Air/Space/Sea,,,
900,PlanetLabs,Data Sources & APIs,Air/Space/Sea,,,
901,PrecisionHawk,Data Sources & APIs,Air/Space/Sea,,,
902,Qianxun SI,Data Sources & APIs,Air/Space/Sea,,,
903,RS Metrics,Data Sources & APIs,Air/Space/Sea,,,
904,Skycatch,Data Sources & APIs,Air/Space/Sea,,,Video
905,Spire Global,Data Sources & APIs,Air/Space/Sea,,,
906,Synspective,Data Sources & APIs,Air/Space/Sea,,,
907,Tellus Labs,Data Sources & APIs,Air/Space/Sea,,,
908,Understory Weather,Data Sources & APIs,Air/Space/Sea,,,
909,Windward,Data Sources & APIs,Air/Space/Sea,,,Video
910,AWS Data Exchange,Data Sources & APIs,Data Marketplaces & Discovery,,,
911,data.world,Data Sources & APIs,Data Marketplaces & Discovery,,,
912,Dawex,Data Sources & APIs,Data Marketplaces & Discovery,,,
913,Explorium,Data Sources & APIs,Data Marketplaces & Discovery,,,
914,Narrative,Data Sources & APIs,Data Marketplaces & Discovery,,,
915,Snowflake Data Exchange,Data Sources & APIs,Data Marketplaces & Discovery,,,
916,Bloomberg,Data Sources & APIs,Financial & Economic Data,,,Video
917,CapIQ,Data Sources & APIs,Financial & Economic Data,,,
918,CBInsights,Data Sources & APIs,Financial & Economic Data,,,Video
919,Dow Jones,Data Sources & APIs,Financial & Economic Data,,,
920,EagleAlpha,Data Sources & APIs,Financial & Economic Data,,,
921,Earnest Research,Data Sources & APIs,Financial & Economic Data,,,
922,Estimize,Data Sources & APIs,Financial & Economic Data,,,Video
923,IMF Data,Data Sources & APIs,Financial & Economic Data,,,
924,Mattermark,Data Sources & APIs,Financial & Economic Data,Acquired by Full Contact in December 2017,2017,
925,MX Technologies,Data Sources & APIs,Financial & Economic Data,,,
926,Plaid,Data Sources & APIs,Financial & Economic Data,,,Video
927,Predata,Data Sources & APIs,Financial & Economic Data,,,Video
928,Premise Data,Data Sources & APIs,Financial & Economic Data,,,Video
929,Quandl,Data Sources & APIs,Financial & Economic Data,Acquired by NASDAQ in December 2018,2018,Video
930,Second Measure,Data Sources & APIs,Financial & Economic Data,,,
931,SmartNews,Data Sources & APIs,Financial & Economic Data,,,
932,Standard Treasury,Data Sources & APIs,Financial & Economic Data,Acquired by SVB in August 2015,2015,
933,StockTwits,Data Sources & APIs,Financial & Economic Data,,,
934,System2,Data Sources & APIs,Financial & Economic Data,,,Video
935,Thinknum,Data Sources & APIs,Financial & Economic Data,,,
936,Thomson Reuters,Data Sources & APIs,Financial & Economic Data,,,
937,Tink,Data Sources & APIs,Financial & Economic Data,,,
938,World Bank Open Data,Data Sources & APIs,Financial & Economic Data,,,
939,Xignite,Data Sources & APIs,Financial & Economic Data,,,
940,Yodlee,Data Sources & APIs,Financial & Economic Data,Acquired in 2015 by Envestnet,2015,
941,Apple,Data Sources & APIs,Health,,,
942,Eight Sleep,Data Sources & APIs,Health,,,
943,Fitbit,Data Sources & APIs,Health,IPO in June 2015,2015,
944,Garmin,Data Sources & APIs,Health,,,
945,HumanAPI,Data Sources & APIs,Health,,,
946,Jawbone,Data Sources & APIs,Health,,,
947,Kinsa,Data Sources & APIs,Health,,,
948,Mimic,Data Sources & APIs,Health,,,
949,Misfit,Data Sources & APIs,Health,Acquired by Fossil in November 2015,2015,
950,Netatmo,Data Sources & APIs,Health,Acquired by Legrand in November 2018,2018,
951,Practice Fusion,Data Sources & APIs,Health,,,
952,Validic,Data Sources & APIs,Health,,,
953,Withings,Data Sources & APIs,Health,Acquired by Nokia in April 2016,2016,
954,Carto,Data Sources & APIs,Location Intelligence,,,Video
955,Cuebiq,Data Sources & APIs,Location Intelligence,,,
956,Esri,Data Sources & APIs,Location Intelligence,,,
957,Foursquare,Data Sources & APIs,Location Intelligence,,,Video
958,Hexagon Geospatial,Data Sources & APIs,Location Intelligence,,,
959,Locu,Data Sources & APIs,Location Intelligence,Acquired by GoDaddy in August 2013,2013,
960,Loqate,Data Sources & APIs,Location Intelligence,Acquired by GBGroup in April 2015,2015,
961,MapAnything,Data Sources & APIs,Location Intelligence,,,
962,Mapbox,Data Sources & APIs,Location Intelligence,,,
963,Mapillary,Data Sources & APIs,Location Intelligence,,,
964,OpenStreetMap,Data Sources & APIs,Location Intelligence,,,
965,Pitney Bowes,Data Sources & APIs,Location Intelligence,,,
966,PlaceIQ,Data Sources & APIs,Location Intelligence,,,Video
967,Radar.io,Data Sources & APIs,Location Intelligence,,,
968,Sense360,Data Sources & APIs,Location Intelligence,,,
969,Apollo Scape,Data Sources & APIs,Other,,,
970,Berkeley DeepDrive,Data Sources & APIs,Other,,,
971,COCO,Data Sources & APIs,Other,,,
972,Crux Informatics,Data Sources & APIs,Other,,,
973,Data.gov,Data Sources & APIs,Other,,,Video
974,Gnip,Data Sources & APIs,Other,Acquired by Twitter in April 2014,2014,Video
975,Highcharts,Data Sources & APIs,Other,,,
976,ImageNet,Data Sources & APIs,Other,,,
977,LabelMe,Data Sources & APIs,Other,,,
978,Narrative,Data Sources & APIs,Other,,,
979,Panjiva,Data Sources & APIs,Other,Acquired by S&P in February 2018,2018,Video
980,WikiLinks,Data Sources & APIs,Other,,,
981,xView,Data Sources & APIs,Other,,,
982,DemystData,Data Sources & APIs,People / Entities,,,
983,Acxiom,Data Sources & APIs,People/Entities,,,
984,Basis Technology,Data Sources & APIs,People/Entities,,,
985,BlueKai,Data Sources & APIs,People/Entities,Acquired by Oracle in February 2014,2014,
986,Brandwatch,Data Sources & APIs,People/Entities,Acquired by Brandwatch in October 2018,2018,
987,Circulate,Data Sources & APIs,People/Entities,Acquired by Acxiom in November 2016,2016,
988,Datalogix,Data Sources & APIs,People/Entities,Acquired by Oracle in December 2014,2014,
989,DataMarket,Data Sources & APIs,People/Entities,Acquired by Qlik in October 2014,2014,Video
990,Epsilon,Data Sources & APIs,People/Entities,,,
991,Experian,Data Sources & APIs,People/Entities,,,
992,Fliptop,Data Sources & APIs,People/Entities,Acquired by LinkedIn in August 2015,2015,
993,InsideView,Data Sources & APIs,People/Entities,,,
994,Knoema,Data Sources & APIs,People/Entities,,,
995,LiveRamp,Data Sources & APIs,People/Entities,Acquired by Acxiom in May 2014,2014,
996,Melissa,Data Sources & APIs,People/Entities,,,
997,Placemeter,Data Sources & APIs,People/Entities,Acquired by Netgear in December 2016,2016,Video
998,Safegraph,Data Sources & APIs,People/Entities,,,Video
999,Zoominfo,Data Sources & APIs,People/Entities,,,
1000,ARM,Infrastructure,AI Hardware,,,
1001,Berkshire Grey,Infrastructure,AI Hardware,,,
1002,Cerebras,Infrastructure,AI Hardware,,,Video
1003,Cerebras Systems,Infrastructure,AI Hardware,,,
1004,Cornami,Infrastructure,AI Hardware,,,
1005,Covariant,Infrastructure,AI Hardware,,,
1006,Credo,Infrastructure,AI Hardware,,,
1007,Efinix,Infrastructure,AI Hardware,,,
1008,Esperanto Technologies,Infrastructure,AI Hardware,,,
1009,Flex Logix,Infrastructure,AI Hardware,,,
1010,Google TPU,Infrastructure,AI Hardware,,,
1011,Graphcore,Infrastructure,AI Hardware,,,
1012,Hailo,Infrastructure,AI Hardware,,,
1013,Horizon Robotics,Infrastructure,AI Hardware,,,
1014,IBM Power Systems,Infrastructure,AI Hardware,,,
1015,Intel AI,Infrastructure,AI Hardware,Acquired by Intel in August 2016,2016,
1016,Intellifusion,Infrastructure,AI Hardware,,,
1017,Movidius,Infrastructure,AI Hardware,Acquired by Intel in September 2016,2016,
1018,Mythic,Infrastructure,AI Hardware,,,
1019,NVIDIA DGX-1,Infrastructure,AI Hardware,,,
1020,Scortex,Infrastructure,AI Hardware,,,
1021,Wave Computing,Infrastructure,AI Hardware,,,
1022,Arthur,Infrastructure,AI Ops,,,
1023,Algorithmia,Infrastructure,AI Ops,,,Video
1024,Comet.ml,Infrastructure,AI Ops,,,
1025,Datatron,Infrastructure,AI Ops,,,
1026,Datmo,Infrastructure,AI Ops,,,
1027,Darwin AI,Infrastructure,AI Ops,,,
1028,Determined AI,Infrastructure,AI Ops,,,
1029,Fiddler,Infrastructure,AI Ops,,,
1030,Fiddler,Infrastructure,AI Ops,,,
1031,Fritz,Infrastructure,AI Ops,,,
1032,Saagie,Infrastructure,AI Ops,,,
1033,Spell,Infrastructure,AI Ops,,,Video
1034,StreamSQL,Infrastructure,AI Ops,,,
1035,Tecton.AI,Infrastructure,AI Ops,,,
1036,Verta,Infrastructure,AI Ops,,,
1037,Weights,Infrastructure,AI Ops,,,
1038,Apigee,Infrastructure,App Dev,Acquired by Google in September 2016,2016,
1039,Cask,Infrastructure,App Dev,Acquired by Google in May 2018,2018,Video
1040,Driven.io,Infrastructure,App Dev,Acquired by Xplenty in December 2016,2016,
1041,Keen IO,Infrastructure,App Dev,,,
1042,Lightbend,Infrastructure,App Dev,,,
1043,Rainforest QA,Infrastructure,App Dev,,,
1044,Acunu,Infrastructure,Cluster Services,Acquired by Apple in March 2015,2015,
1045,Amazon ECS,Infrastructure,Cluster Services,,,
1046,Amazon EKS,Infrastructure,Cluster Services,,,
1047,Anyscale,Infrastructure,Cluster Services,,,
1048,Azure CycleCloud,Infrastructure,Cluster Services,,,
1049,Bright Cluster Manager,Infrastructure,Cluster Services,,,
1050,CoreOS,Infrastructure,Cluster Services,Acquired by Red Hat in January 2018,2018,
1051,Google Borg,Infrastructure,Cluster Services,,,
1052,Google Omega,Infrastructure,Cluster Services,,,
1053,HPE Performance Cluster Manager,Infrastructure,Cluster Services,,,
1054,IBM Platform Cluster Manager,Infrastructure,Cluster Services,,,
1055,IBM Power Systems,Infrastructure,Cluster Services,,,
1056,IBM Tivoli System Automation for Multiplatforms,Infrastructure,Cluster Services,,,
1057,LexisNexis HPCC Systems,Infrastructure,Cluster Services,,,
1058,Mesosphere,Infrastructure,Cluster Services,,,Video
1059,Microsoft Cluster Server,Infrastructure,Cluster Services,,,
1060,Packet,Infrastructure,Cluster Services,,,
1061,PepperData,Infrastructure,Cluster Services,,,
1062,Scyld ClusterWare,Infrastructure,Cluster Services,,,
1063,StackIQ,Infrastructure,Cluster Services,,,
1064,Scale AI,Infrastructure,Data Generation & Labeling,,,
1065,AI.Reverie,Infrastructure,Data Generation & Labelling,,,
1066,Amazon Mechanical Turk,Infrastructure,Data Generation & Labelling,,,
1067,DataGen,Infrastructure,Data Generation & Labelling,,,
1068,Appen,Infrastructure,Data Generation & Labelling,Acquired by Appen in March 2019,2019,Video
1069,Hive,Infrastructure,Data Generation & Labelling,,,
1070,Labelbox,Infrastructure,Data Generation & Labelling,,,
1071,Lionbridge,Infrastructure,Data Generation & Labelling,,,
1072,Neuromation,Infrastructure,Data Generation & Labelling,,,
1073,Samasource,Infrastructure,Data Generation & Labelling,,,
1074,Scale,Infrastructure,Data Generation & Labelling,,,
1075,Servio,Infrastructure,Data Generation & Labelling,Acquired by CrowdSource in November 2013,2013,
1076,Unity,Infrastructure,Data Generation & Labelling,,,
1077,Upwork,Infrastructure,Data Generation & Labelling,,,
1078,Alation,Infrastructure,Data Governance & Access,,,Video
1079,BackOffice Associates,Infrastructure,Data Governance & Access,Acquired by Bridge Growth Partners in January 2018,2018,
1080,Collibra,Infrastructure,Data Governance & Access,,,Video
1081,data.world,Infrastructure,Data Governance & Access,,,
1082,Dremio,Infrastructure,Data Governance & Access,,,
1083,IBM,Infrastructure,Data Governance & Access,,,
1084,Immuta,Infrastructure,Data Governance & Access,,,
1085,Informatica,Infrastructure,Data Governance & Access,,,
1086,MANTA,Infrastructure,Data Governance & Access,,,
1087,McAfee Skyhigh Security Cloud (fka Skyhigh Networks),Infrastructure,Data Governance & Access,Acquired by McAfee in November 2017,2017,
1088,Okera,Infrastructure,Data Governance & Access,,,
1089,Sailpoint,Infrastructure,Data Governance & Access,IPO in November 2017,2017,
1090,Waterline Data,Infrastructure,Data Governance & Access,Acquired by Hitachi in January 2020,2020,
1091,Alooma,Infrastructure,Data Integration,Acquired by Google in February 2019,2019,
1092,Attunity,Infrastructure,Data Integration,Acquired by Qlik in February 2019,2019,
1093,Bedrock Data,Infrastructure,Data Integration,Acquired by Formstack in February 2019,2019,
1094,Census,Infrastructure,Data Integration,,,
1095,Enigma,Infrastructure,Data Integration,,,Video
1096,Fivetran,Infrastructure,Data Integration,,,
1097,Import.io,Infrastructure,Data Integration,,,
1098,Informatica,Infrastructure,Data Integration,,,
1099,Infoworks.io,Infrastructure,Data Integration,,,
1100,Matillion,Infrastructure,Data Integration,,,
1101,MuleSoft,Infrastructure,Data Integration,Acquired by Salesforce in March 2018,2018,
1102,Podium Data,Infrastructure,Data Integration,Acquired by Qlik in July 2018,2018,
1103,Pool Party,Infrastructure,Data Integration,,,
1104,SAP Data Services,Infrastructure,Data Integration,,,
1105,Segment,Infrastructure,Data Integration,,,Video
1106,SnapLogic,Infrastructure,Data Integration,,,
1107,Snowplow,Infrastructure,Data Integration,,,
1108,Stitch Data,Infrastructure,Data Integration,Acquired by Talend in November 2018,2018,
1109,Tealium,Infrastructure,Data Integration,,,
1110,Tray,Infrastructure,Data Integration,,,
1111,Xplenty,Infrastructure,Data Integration,Acquired by Xenon Ventures in December 2018,2018,
1112,Zaloni,Infrastructure,Data Integration,,,
1113,AWS Lake Formation,Infrastructure,Data Lakes,,,
1114,Azure Data Lake Storage,Infrastructure,Data Lakes,,,
1115,Cazena,Infrastructure,Data Lakes,,,Video
1116,Dremio,Infrastructure,Data Lakes,,,
1117,IBM Power Systems,Infrastructure,Data Lakes,,,
1118,Qubole,Infrastructure,Data Lakes,,,Video
1119,Yellowbrick Data,Infrastructure,Data Lakes,,,
1120,Databand,Infrastructure,Data Quality,,,
1121,Datafold,Infrastructure,Data Quality,,,
1122,Great Expectations,Infrastructure,Data Quality,,,
1123,Monte Carlo Data,Infrastructure,Data Quality,,,
1124,Precisely,Infrastructure,Data Quality,,,
1125,Soda Data,Infrastructure,Data Quality,,,
1126,Talend,Infrastructure,Data Quality,,,
1127,Toro,Infrastructure,Data Quality,,,
1128,Amazon Redshift,Infrastructure,Data Warehouses,,,
1129,Azure Synapse,Infrastructure,Data Warehouses,,,
1130,Firebolt,Infrastructure,Data Warehouses,,,
1131,Google BigQuery,Infrastructure,Data Warehouses,,,
1132,Google Mesa,Infrastructure,Data Warehouses,,,
1133,InfoWorks,Infrastructure,Data Warehouses,,,
1134,Infoworks.io,Infrastructure,Data Warehouses,,,
1135,Microsoft SQL Data Warehouse,Infrastructure,Data Warehouses,,,
1136,Oracle Exadata Cloud,Infrastructure,Data Warehouses,,,
1137,Pivotal Greenplum,Infrastructure,Data Warehouses,,,
1138,Snowflake,Infrastructure,Data Warehouses,,,Video
1139,SpaceCurve,Infrastructure,Data Warehouses,,,
1140,Alteryx,Infrastructure,ETL / Data Transformation,,,
1141,AWS Athena,Infrastructure,ETL / Data Transformation,,,
1142,AWS Glue,Infrastructure,ETL / Data Transformation,,,
1143,Azure Data Factory,Infrastructure,ETL / Data Transformation,,,
1144,Fishtown Analytics,Infrastructure,ETL / Data Transformation,,,
1145,Kalido,Infrastructure,ETL / Data Transformation,,,
1146,Lattice Data,Infrastructure,ETL / Data Transformation,Acquired by Apple in May 2017,2017,
1147,Paxata,Infrastructure,ETL / Data Transformation,Acquired by Data Robot in December 2019,2019,Video
1148,Pentaho,Infrastructure,ETL / Data Transformation,Acquired by Hitachi in Feb 2015,2015,
1149,Revelytix,Infrastructure,ETL / Data Transformation,Acquired by Teradata in July 2014,2014,
1150,StreamSets,Infrastructure,ETL / Data Transformation,,,
1151,StrikeIron,Infrastructure,ETL / Data Transformation,Acquired by Informatica in July 2014,2014,
1152,Talend,Infrastructure,ETL / Data Transformation,IPO in July 2016,2016,Video
1153,Tamr,Infrastructure,ETL / Data Transformation,,,Video
1154,Trifacta,Infrastructure,ETL / Data Transformation,,,Video
1155,Blazegraph,Infrastructure,GPU DBs & Cloud,,,
1156,BlazingDB,Infrastructure,GPU DBs & Cloud,,,
1157,Brytlyt,Infrastructure,GPU DBs & Cloud,,,
1158,Fauna,Infrastructure,GPU DBs & Cloud,,,
1159,FloydHub,Infrastructure,GPU DBs & Cloud,,,
1160,Kinetica,Infrastructure,GPU DBs & Cloud,,,Video
1161,OmniSci,Infrastructure,GPU DBs & Cloud,,,Video
1162,Paperspace,Infrastructure,GPU DBs & Cloud,,,Video
1163,PG-Strom,Infrastructure,GPU DBs & Cloud,,,
1164,SQream,Infrastructure,GPU DBs & Cloud,,,
1165,SQream,Infrastructure,GPU DBs & Cloud,,,
1166,Amazon Neptune,Infrastructure,Graph Databases,,,
1167,Aster Data,Infrastructure,Graph Databases,Acquired by Teradata in March 2011,2011,Video
1168,Aurelius TitanDB,Infrastructure,Graph Databases,Acquired by Datastax in Feb 2015,2015,
1169,Cambridge Semantics,Infrastructure,Graph Databases,,,
1170,Giraph,Infrastructure,Graph Databases,,,
1171,GraphDB,Infrastructure,Graph Databases,Acquired by Ontotext in 2014,2014,
1172,IBM Graph,Infrastructure,Graph Databases,,,
1173,InfiniteGraph,Infrastructure,Graph Databases,,,
1174,Neo4j,Infrastructure,Graph Databases,,,Video
1175,Objectivity,Infrastructure,Graph Databases,,,
1176,Oracle Spatial and Graph,Infrastructure,Graph Databases,,,
1177,OrientDB,Infrastructure,Graph Databases,Acquired by CallidusCloud in September 2017,2017,
1178,Stardog,Infrastructure,Graph Databases,,,
1179,TigergraphDB,Infrastructure,Graph Databases,,,
1180,Altiscale,Infrastructure,Hadoop,Acquired by SAP in September 2016,2016,Video
1181,Amazon Elastic Map Reduce,Infrastructure,Hadoop,,,
1182,BlueData Software,Infrastructure,Hadoop,Acquired by Hewlett Packard in November 2018,2018,
1183,CenturyLink,Infrastructure,Hadoop,,,
1184,Cloudera,Infrastructure,Hadoop,IPO in April 2017,2017,Video
1185,Google DataProc,Infrastructure,Hadoop,,,
1186,Google MillWheel,Infrastructure,Hadoop,,,
1187,Hadapt,Infrastructure,Hadoop,Acquired by Teradata in July 2014,2014,Video
1188,Hstreaming,Infrastructure,Hadoop,Acquired by Adello in September 2013,2013,
1189,IBM InfoSphere BigInsights,Infrastructure,Hadoop,,,
1190,IBM InfoSphere BigInsights,Infrastructure,Hadoop,,,
1191,Infochimps,Infrastructure,Hadoop,Acquired by CSC in August 2013,2013,Video
1192,Jethro,Infrastructure,Hadoop,,,
1193,Microsoft Azure HDInsight,Infrastructure,Hadoop,,,
1194,Mortar,Infrastructure,Hadoop,Acquired by Datadog in February 2015,2015,Video
1195,Pivotal,Infrastructure,Hadoop,IPO in April 2018,2018,
1196,Treasure Data,Infrastructure,Hadoop,Acquired by Arm in July 2018,2018,
1197,Actifio,Infrastructure,Mgmt/Monitoring,,,
1198,Amazon CloudWatch,Infrastructure,Mgmt/Monitoring,,,
1199,AppDynamics,Infrastructure,Mgmt/Monitoring,Acquired by Cisco in January 2017,2017,
1200,AppFirst,Infrastructure,Mgmt/Monitoring,Acquired by ScienceLogic in August 2016,2016,
1201,Boundary,Infrastructure,Mgmt/Monitoring,Acquired by BMC in August 2015,2015,
1202,Chronosphere,Infrastructure,Mgmt/Monitoring,,,
1203,Datadog,Infrastructure,Mgmt/Monitoring,,,Video
1204,Driven.io,Infrastructure,Mgmt/Monitoring,Acquired by Xplenty in December 2016,2016,
1205,Dynatrace,Infrastructure,Mgmt/Monitoring,,,
1206,Grafana Labs,Infrastructure,Mgmt/Monitoring,,,
1207,Magnitude Software,Infrastructure,Mgmt/Monitoring,,,
1208,ManageEngine (Zoho),Infrastructure,Mgmt/Monitoring,,,
1209,Metafor Software,Infrastructure,Mgmt/Monitoring,Acquired by Splunk in June 2015,2015,
1210,MOOGsoft,Infrastructure,Mgmt/Monitoring,,,
1211,Nagios,Infrastructure,Mgmt/Monitoring,,,
1212,New Relic,Infrastructure,Mgmt/Monitoring,IPO in December 2014,2014,
1213,Numerify,Infrastructure,Mgmt/Monitoring,,,
1214,OceanSync,Infrastructure,Mgmt/Monitoring,,,
1215,OpsRamp,Infrastructure,Mgmt/Monitoring,,,
1216,PagerDuty,Infrastructure,Mgmt/Monitoring,IPO in April 2019,2019,
1217,Rocana,Infrastructure,Mgmt/Monitoring,Acquired by Splunk in October 2017,2017,
1218,ScaleARC,Infrastructure,Mgmt/Monitoring,,,
1219,Scalyr,Infrastructure,Mgmt/Monitoring,,,
1220,ScienceLogic,Infrastructure,Mgmt/Monitoring,,,
1221,SignalFX,Infrastructure,Mgmt/Monitoring,Acquired by Splunk,2019,
1222,Solarwinds,Infrastructure,Mgmt/Monitoring,,,
1223,Splunk,Infrastructure,Mgmt/Monitoring,,,Video
1224,Unravel Data,Infrastructure,Mgmt/Monitoring,,,
1225,Veeam,Infrastructure,Mgmt/Monitoring,,,
1226,Wavefront,Infrastructure,Mgmt/Monitoring,,,
1227,Zenoss,Infrastructure,Mgmt/Monitoring,,,
1228,Actian,Infrastructure,MPP Databases,,,
1229,Exasol,Infrastructure,MPP Databases,,,
1230,HPE Vertica,Infrastructure,MPP Databases,,,
1231,IBM Data Warehouse Systems (fka Netezza),Infrastructure,MPP Databases,,,
1232,Kognitio,Infrastructure,MPP Databases,,,
1233,ParAccel,Infrastructure,MPP Databases,Acquired by Actian in April 2013,2013,
1234,Teradata,Infrastructure,MPP Databases,,,
1235,Amazon Aurora,Infrastructure,NewSQL Databases,,,
1236,Citus Data,Infrastructure,NewSQL Databases,Acquired by Microsoft in January 2019,2019,
1237,Clustrix,Infrastructure,NewSQL Databases,Acquired by MariaDB in September 2018,2018,
1238,CockroachDB,Infrastructure,NewSQL Databases,,,Video
1239,Google Spanner,Infrastructure,NewSQL Databases,,,Video
1240,InfluxData,Infrastructure,NewSQL Databases,,,Video
1241,MariaDB,Infrastructure,NewSQL Databases,,,
1242,MemSQL,Infrastructure,NewSQL Databases,,,Video
1243,NuoDB,Infrastructure,NewSQL Databases,,,
1244,Paradigm4 SciDB,Infrastructure,NewSQL Databases,,,
1245,Pivotal GemFire XD,Infrastructure,NewSQL Databases,,,
1246,Rainstor,Infrastructure,NewSQL Databases,Acquired by Teradata in Dec 2014,2014,
1247,SAP HANA,Infrastructure,NewSQL Databases,,,
1248,Splice Machine,Infrastructure,NewSQL Databases,,,
1249,TiDB (by PingCAP),Infrastructure,NewSQL Databases,,,
1250,Timescale,Infrastructure,NewSQL Databases,,,Video
1251,Trafodion,Infrastructure,NewSQL Databases,,,
1252,VoltDB,Infrastructure,NewSQL Databases,,,
1253,Aerospike,Infrastructure,NoSQL Databases,,,
1254,Amazon DocumentDB,Infrastructure,NoSQL Databases,,,
1255,Amazon DynamoDB,Infrastructure,NoSQL Databases,,,
1256,ArangoDB,Infrastructure,NoSQL Databases,,,
1257,Basho,Infrastructure,NoSQL Databases,,,
1258,Cloudant,Infrastructure,NoSQL Databases,Acquired by IBM in March 2014,2014,
1259,Couchbase,Infrastructure,NoSQL Databases,,,
1260,DataStax,Infrastructure,NoSQL Databases,,,
1261,FoundationDB,Infrastructure,NoSQL Databases,Acquired by Apple in March 2015,2015,
1262,Google Cloud Bigtable,Infrastructure,NoSQL Databases,,,
1263,Google Cloud DataStore,Infrastructure,NoSQL Databases,,,
1264,Hypertable,Infrastructure,NoSQL Databases,,,
1265,MarkLogic,Infrastructure,NoSQL Databases,,,
1266,Microsoft CosmosDB,Infrastructure,NoSQL Databases,,,
1267,MongoDB,Infrastructure,NoSQL Databases,IPO in November 2017,2017,Video
1268,OhmData,Infrastructure,NoSQL Databases,Acquired by WANdisco in June 2014,2014,
1269,Oracle,Infrastructure,NoSQL Databases,,,
1270,Redis Labs,Infrastructure,NoSQL Databases,,,
1271,ScyllaDB,Infrastructure,NoSQL Databases,,,
1272,SequoiaDB,Infrastructure,NoSQL Databases,,,
1273,AWS Lambda,Infrastructure,Serverless,,,
1274,Azure Functions,Infrastructure,Serverless,,,
1275,Google Cloud Functions,Infrastructure,Serverless,,,
1276,Nuclio,Infrastructure,Serverless,,,
1277,Pivotal Function Service,Infrastructure,Serverless,,,
1278,Pulsar Functions,Infrastructure,Serverless,,,
1279,Alluxio,Infrastructure,Storage,,,Video
1280,Amazon S3,Infrastructure,Storage,,,
1281,Amplidata,Infrastructure,Storage,Acquired by HGST in March 2015,2015,
1282,Avere Systems,Infrastructure,Storage,Acquired by Microsoft in January 2018,2018,
1283,Azure Storage,Infrastructure,Storage,,,
1284,Cleversafe,Infrastructure,Storage,Aquired by IBM in October 2015,2015,
1285,Clumio,Infrastructure,Storage,,,
1286,Cohesity,Infrastructure,Storage,,,
1287,Compuverde,Infrastructure,Storage,,,
1288,Google Cloud Storage,Infrastructure,Storage,,,
1289,Google Cloud Storage NearLine,Infrastructure,Storage,,,
1290,IBM Data Storage,Infrastructure,Storage,,,
1291,Nimble Storage,Infrastructure,Storage,Acquired by HPE in March 2017,2017,
1292,Panasas,Infrastructure,Storage,Acquired by Dowroc Partners in January 2019,2019,
1293,Pure Storage,Infrastructure,Storage,,,
1294,Qumulo,Infrastructure,Storage,,,
1295,Springpath,Infrastructure,Storage,Acquired by Cisco in August 2017,2017,
1296,VAST Data,Infrastructure,Storage,,,
1297,Wasabi,Infrastructure,Storage,,,
1298,Amazon Kinesis,Infrastructure,Streaming / In-Memory,,,
1299,Amiato,Infrastructure,Streaming / In-Memory,Acquired by Amazon in April 2015,2015,
1300,Causata,Infrastructure,Streaming / In-Memory,Acquired by NICE Systems in August 2013,2013,
1301,Confluent,Infrastructure,Streaming / In-Memory,,,Video
1302,Data Artisans,Infrastructure,Streaming / In-Memory,Acquired by Alibaba in January 2019,2019,Video
1303,Databricks,Infrastructure,Streaming / In-Memory,,,Video
1304,DataTorrent,Infrastructure,Streaming / In-Memory,Closed,2018,
1305,DataTorrent,Infrastructure,Streaming / In-Memory,,,
1306,Fastdata.io,Infrastructure,Streaming / In-Memory,,,
1307,GigaSpaces,Infrastructure,Streaming / In-Memory,,,
1308,Google Cloud DataFlow,Infrastructure,Streaming / In-Memory,,,
1309,GridGain,Infrastructure,Streaming / In-Memory,,,
1310,Hazelcast,Infrastructure,Streaming / In-Memory,,,
1311,Kx Systems,Infrastructure,Streaming / In-Memory,Acquired by First Derivatives in July 2018,2018,
1312,Landoop,Infrastructure,Streaming / In-Memory,,,
1313,MetaMarkets,Infrastructure,Streaming / In-Memory,Acquired by Snap in November 2017,2017,Video
1314,Parstream,Infrastructure,Streaming / In-Memory,Acquired by Cisco in November 2015,2015,
1315,Striim,Infrastructure,Streaming / In-Memory,,,
1316,Wallaroo Labs,Infrastructure,Streaming / In-Memory,,,Video
1317,MindsDB,Open Source,AI / Machine Learning / Deep Learning,,,
1318,BentoML,Open Source,AI Ops & Infra,,,
1319,DVC,Open Source,AI Ops & Infra,,,
1320,Hopsworks,Open Source,AI Ops & Infra,,,
1321,Kubeflow,Open Source,AI Ops & Infra,,,
1322,MLeap,Open Source,AI Ops & Infra,,,
1323,MLflow,Open Source,AI Ops & Infra,,,
1324,Pachyderm,Open Source,AI Ops & Infra,,,
1325,Polyaxon,Open Source,AI Ops & Infra,,,
1326,Seldon,Open Source,AI Ops & Infra,,,
1327,Snorkel,Open Source,AI Ops & Infra,,,
1328,Aerosolve,Open Source,AI/Machine Learning/Deep Learning,,,
1329,Caffe,Open Source,AI/Machine Learning/Deep Learning,,,
1330,Caret,Open Source,AI/Machine Learning/Deep Learning,,,
1331,Chainer,Open Source,AI/Machine Learning/Deep Learning,,,
1332,Deeplearning4j,Open Source,AI/Machine Learning/Deep Learning,,,
1333,DIMSUM,Open Source,AI/Machine Learning/Deep Learning,,,
1334,DMTK,Open Source,AI/Machine Learning/Deep Learning,,,
1335,DSSTNE,Open Source,AI/Machine Learning/Deep Learning,,,
1336,fast.ai,Open Source,AI/Machine Learning/Deep Learning,,,
1337,FeatureFu,Open Source,AI/Machine Learning/Deep Learning,,,
1338,Horovod,Open Source,AI/Machine Learning/Deep Learning,,,
1339,Intel AI,Open Source,AI/Machine Learning/Deep Learning,,,
1340,Keras,Open Source,AI/Machine Learning/Deep Learning,,,
1341,Ludwig,Open Source,AI/Machine Learning/Deep Learning,,,
1342,MADlib,Open Source,AI/Machine Learning/Deep Learning,,,
1343,Mahout,Open Source,AI/Machine Learning/Deep Learning,,,
1344,Michelangelo,Open Source,AI/Machine Learning/Deep Learning,,,
1345,Microsoft Cognitive Toolkit,Open Source,AI/Machine Learning/Deep Learning,,,
1346,mlr,Open Source,AI/Machine Learning/Deep Learning,,,
1347,MXNET,Open Source,AI/Machine Learning/Deep Learning,,,
1348,ONNX,Open Source,AI/Machine Learning/Deep Learning,,,
1349,OpenAI,Open Source,AI/Machine Learning/Deep Learning,,,
1350,OpenML,Open Source,AI/Machine Learning/Deep Learning,,,
1351,PaddlePaddle,Open Source,AI/Machine Learning/Deep Learning,,,
1352,PyML,Open Source,AI/Machine Learning/Deep Learning,,,
1353,PyTorch,Open Source,AI/Machine Learning/Deep Learning,,,
1354,scikit-learn,Open Source,AI/Machine Learning/Deep Learning,,,
1355,Singa,Open Source,AI/Machine Learning/Deep Learning,,,
1356,Spark MLlib,Open Source,AI/Machine Learning/Deep Learning,,,
1357,TensorFlow,Open Source,AI/Machine Learning/Deep Learning,,,
1358,Theano,Open Source,AI/Machine Learning/Deep Learning,,,
1359,Torch,Open Source,AI/Machine Learning/Deep Learning,,,
1360,Veles,Open Source,AI/Machine Learning/Deep Learning,,,
1361,Weka,Open Source,AI/Machine Learning/Deep Learning,,,
1362,Anaconda,Open Source,Collaboration,,,
1363,BeakerX,Open Source,Collaboration,,,
1364,Jupyter,Open Source,Collaboration,,,Video
1365,Zeppelin,Open Source,Collaboration,,,
1366,Accumulo,Open Source,Data Access & Databases,,,
1367,Amundsen,Open Source,Data Access & Databases,,,
1368,Cassandra,Open Source,Data Access & Databases,,,
1369,CockroachDB,Open Source,Data Access & Databases,,,
1370,CouchDB,Open Source,Data Access & Databases,,,
1371,LinkedIn Datahub,Open Source,Data Access & Databases,,,
1372,Druid,Open Source,Data Access & Databases,,,
1373,EdgeDB,Open Source,Data Access & Databases,,,
1374,Flume,Open Source,Data Access & Databases,,,
1375,Google Spanner,Open Source,Data Access & Databases,,,
1376,HBase,Open Source,Data Access & Databases,,,
1377,MongoDB,Open Source,Data Access & Databases,IPO in November 2017,2017,Video
1378,OpenTSDB,Open Source,Data Access & Databases,,,
1379,Redis,Open Source,Data Access & Databases,,,
1380,Riak,Open Source,Data Access & Databases,,,
1381,SciDB,Open Source,Data Access & Databases,,,
1382,Sqoop,Open Source,Data Access & Databases,,,
1383,CDAP,Open Source,Frameworks,"Cask, developer of CDAP, acquired by Google Cloud in January 2018",2018,
1384,Docker,Open Source,Frameworks,,,
1385,Flink,Open Source,Frameworks,,,
1386,HDFS,Open Source,Frameworks,,,
1387,Heartbeat,Open Source,Frameworks,,,
1388,Helix,Open Source,Frameworks,,,
1389,Kubernetes,Open Source,Frameworks,,,
1390,Kylin,Open Source,Frameworks,,,
1391,MapReduce,Open Source,Frameworks,,,
1392,Mesos,Open Source,Frameworks,,,
1393,Red Hat Cluster Suite,Open Source,Frameworks,,,
1394,Slider,Open Source,Frameworks,,,
1395,Spark,Open Source,Frameworks,,,
1396,Tez,Open Source,Frameworks,,,
1397,YARN,Open Source,Frameworks,,,
1398,Elasticsearch,Open Source,Logging & Monitoring,,,
1399,Fluent Bit,Open Source,Logging & Monitoring,,,
1400,Fluentd,Open Source,Logging & Monitoring,,,
1401,Grafana,Open Source,Logging & Monitoring,,,
1402,Kibana,Open Source,Logging & Monitoring,,,
1403,Logstash,Open Source,Logging & Monitoring,,,
1404,Prometheus,Open Source,Logging & Monitoring,,,
1405,Sentry,Open Source,Logging & Monitoring,,,
1406,Vector,Open Source,Logging & Monitoring,,,
1407,Talend,Open Source,Orchestration & Management,IPO in July 2016,2016,
1408,ZooKeeper,Open Source,Orchestration & Management,,,
1409,Ambari,Open Source,Orchestration & Pipelines,,,
1410,Apache Airflow,Open Source,Orchestration & Pipelines,,,
1411,Apache Mesos,Open Source,Orchestration & Pipelines,,,
1412,Argo,Open Source,Orchestration & Pipelines,,,
1413,Dagster,Open Source,Orchestration & Pipelines,,,
1414,Dask,Open Source,Orchestration & Pipelines,,,
1415,dbt,Open Source,Orchestration & Pipelines,,,
1416,etcd,Open Source,Orchestration & Pipelines,,,
1417,Flyte,Open Source,Orchestration & Pipelines,,,
1418,Kedro,Open Source,Orchestration & Pipelines,,,
1419,Luigi,Open Source,Orchestration & Pipelines,,,
1420,Marquez,Open Source,Orchestration & Pipelines,,,
1421,Oozie,Open Source,Orchestration & Pipelines,,,
1422,Prefect,Open Source,Orchestration & Pipelines,,,
1423,Ray,Open Source,Orchestration & Pipelines,,,
1424,Tekton,Open Source,Orchestration & Pipelines,,,
1425,Drill,Open Source,Query/Data Flow,,,
1426,Flink,Open Source,Query/Data Flow,,,
1427,Google Cloud DataFlow,Open Source,Query/Data Flow,,,
1428,GraphQL,Open Source,Query/Data Flow,,,
1429,Hawq,Open Source,Query/Data Flow,,,
1430,HIVE,Open Source,Query/Data Flow,,,
1431,PIG,Open Source,Query/Data Flow,,,
1432,Presto,Open Source,Query/Data Flow,,,
1433,SlamData,Open Source,Query/Data Flow,,,
1434,Spark SQL,Open Source,Query/Data Flow,,,
1435,Trafodion,Open Source,Query/Data Flow,,,
1436,Accumulo,Open Source,Search,,,
1437,ElasticSearch,Open Source,Search,,,
1438,Lucene,Open Source,Search,,,
1439,Meilisearch,Open Source,Search,,,
1440,Solr,Open Source,Search,,,
1441,Sonic,Open Source,Search,,,
1442,Sphinx,Open Source,Search,,,
1443,Toshi,Open Source,Search,,,
1444,Knox,Open Source,Security,,,
1445,Ranger,Open Source,Security,,,
1446,Sentry,Open Source,Security,,,
1447,data.table,Open Source,Stat Tools & Languages,,,
1448,Julia,Open Source,Stat Tools & Languages,,,
1449,NumPy,Open Source,Stat Tools & Languages,,,
1450,Pandas,Open Source,Stat Tools & Languages,,,
1451,Perl,Open Source,Stat Tools & Languages,,,
1452,Pyro,Open Source,Stat Tools & Languages,,,
1453,Python,Open Source,Stat Tools & Languages,,,
1454,R,Open Source,Stat Tools & Languages,,,
1455,RStudio,Open Source,Stat Tools & Languages,,,
1456,Scala,Open Source,Stat Tools & Languages,,,
1457,SciPy,Open Source,Stat Tools & Languages,,,
1458,Tidyverse,Open Source,Stat Tools & Languages,,,
1459,Apex,Open Source,Streaming & Messaging,,,
1460,Beam,Open Source,Streaming & Messaging,,,
1461,Flink,Open Source,Streaming & Messaging,,,
1462,Kafka,Open Source,Streaming & Messaging,,,
1463,NiFi,Open Source,Streaming & Messaging,,,
1464,Pulsar,Open Source,Streaming & Messaging,,,
1465,RocketMQ,Open Source,Streaming & Messaging,,,
1466,Spark Streaming,Open Source,Streaming & Messaging,,,
1467,Storm,Open Source,Streaming & Messaging,,,
1468,Bokeh,Open Source,Visualization,,,
1469,D3,Open Source,Visualization,,,
1470,ggplot,Open Source,Visualization,,,
1471,Matplotlib,Open Source,Visualization,,,
1472,Metabase,Open Source,Visualization,,,
1473,Redash,Open Source,Visualization,,,
1474,Rodeo,Open Source,Visualization,,,
1475,seaborn,Open Source,Visualization,,,
1476,Superset,Open Source,Visualization,,,
1477,TensorBoard,Open Source,Visualization,,,
